,sCD40L ,EGF ,Eotaxin ,FGF2 ,FLT3L ,Fractalkine ,GCSF ,GMCSF ,CXCL1orGROa ,IFNa2 ,IFNy ,IL1a ,IL1b ,IL1RA ,IL2 ,IL3 ,IL4 ,IL5 ,IL6 ,IL7 ,IL8orCXCL8,IL9 ,IL10 ,IL12p40 ,IL12p70 ,IL13 ,IL15 ,IL17A ,IL17E/IL25 ,IL17F ,IL18 ,IL22 ,IL27 ,CXCL10orIP10 ,CCL2orMCP1 ,CCL7orMCP3 ,MCSF ,CXCL9orMIG,CCL3orMIP1a ,CCL4orMIP1b ,PDGFAA ,PDGFABAndPDGFBB ,CCL5orRANTES ,TGFa ,TNFa ,TNFb ,VEGFA ,Eotaxin2 ,CCL8OrMCP2 ,CXCL13OrBCA1 ,CCL13orMCP4 ,CCL1orI309 ,IL16 ,CCL17orTARC ,CCL21Or6CKine,Eotaxin3 ,LIF ,TPO ,SCF ,TSLP ,IL33 ,IL20 ,IL21 ,IL23 ,TRAIL ,CCL27orCTACK ,SDF1aAndSDF1B ,CXCL5orENA78 ,CCL15orMIP1d ,IFNL2orIL28A 
sCD40L ,0.0,0.17314081090373568,0.4264162252130556,0.5843554285533792,0.5803619186081601,0.6365700054761021,0.6655499362525041,0.48742268532894684,0.3548217169853567,0.670119343405206,0.563831387147702,0.43384357566031995,0.47739297412931975,0.5735543949526377,0.7376921160602217,0.5166373069966016,0.5599405600546323,0.48645008817327906,0.4861173711201958,0.22939673048998604,0.2819976213067977,0.44028248192345387,0.6113635426425585,0.698548633759261,0.4172312711309082,0.48266054452045365,0.6221318555247379,0.5281844750044132,0.42021688346361774,0.6133363538241599,0.4463848516175891,0.4913745702200459,0.4660355210895606,0.5043127572965064,0.6028503334166886,0.43228616251700025,0.6334232976272632,0.5160633264536979,0.4679410215738972,0.35498303625493544,0.19577216014639903,0.14387040718782956,0.6308293546606472,0.4241510022125145,0.5713885374597395,0.4133260005042547,0.36341933400758314,0.4143114916749482,0.5946661626595116,0.552013327536716,0.46892767514750744,0.6298171394961339,0.609644780016735,0.33938090776790303,0.6628225585611107,0.5525067315348798,0.5042372318438295,0.6985141523204248,0.6238147737117311,0.6020602844502387,0.7070575066347091,0.6404721181693402,0.5710538419694802,0.602091295413941,0.6467249222571749,0.5212915970550291,0.6368625466936931,0.37690779535361674,0.46231216771996997,0.6174564142204896
EGF ,0.17314081090373568,0.0,0.4410488481494825,0.5348761976147542,0.5573308267061693,0.6760040813374022,0.6550249755304538,0.49169918152863956,0.31213144695488576,0.6494644331025637,0.5559978084805839,0.47337389985403344,0.48434304142826323,0.5645444069802317,0.7099330122529814,0.4829703221574001,0.5969408393192386,0.5764113540224397,0.47161988603049176,0.28421419290110483,0.3278684127249716,0.5238532304642651,0.6082717190896335,0.669612512875724,0.43492360936644087,0.5322436896634356,0.5908952635908276,0.5223112764232317,0.4486330578973056,0.5254860107034597,0.564702133479676,0.4504975247704568,0.5135110340656474,0.5934399329035833,0.5790521550719224,0.4507568777225497,0.6429680181463424,0.603532693576088,0.529563022638671,0.37470317365747363,0.23950075103105578,0.1744150856271245,0.6122238354389284,0.3851089123035082,0.6361334858097255,0.42719938180651357,0.3808712733302144,0.4420781360362701,0.5610896872086868,0.5549950239933955,0.4703077587872012,0.6077555859306077,0.5807934017342169,0.4570240228486101,0.617125464604827,0.46035063458072634,0.48638640104418585,0.5698081655139369,0.5897305682837239,0.5337997344214892,0.6285761922021256,0.5439879147215693,0.4912026526740017,0.516735889144539,0.5925003497236296,0.6059136986759132,0.6150981695027393,0.3776156684906199,0.49503423486143144,0.575898971578966
Eotaxin ,0.4264162252130556,0.4410488481494825,0.0,0.48713569845118004,0.5154952442164922,0.6223561243099922,0.6444026862468433,0.4606078516795667,0.44626494832142233,0.5185453978300633,0.5176012172701061,0.48094337443555946,0.5237991605528846,0.5437679027019043,0.5159376642054374,0.5205058457359094,0.4091934272031338,0.4369541772093394,0.6244553908022882,0.5050990527254253,0.41991989765840515,0.5088798022344962,0.6164824186941754,0.5125253562789571,0.48908679623903484,0.5307496106595115,0.6113105326523911,0.6126735078784923,0.4879462954323951,0.6190748201827688,0.5136709972197735,0.4360914051031159,0.4757277063901899,0.6144404381898146,0.389942985249271,0.34164161785314745,0.6287151951389329,0.6310874104048996,0.4571157457580396,0.49529293331144314,0.3833292921558651,0.3421450188463332,0.5737531122650485,0.6285500099740804,0.5645672710410008,0.4951710448300502,0.46231907249609705,0.38177733218967247,0.5444522165688754,0.5752843684902952,0.18612354526388114,0.5752689005348778,0.48643955271298955,0.4999709787946141,0.5566164410303004,0.13583977177978013,0.42651376374477934,0.6002016940117604,0.5871593560354763,0.6055882298913573,0.533425915223515,0.528129172940204,0.5589161430101333,0.6014717803459843,0.5487044263404545,0.48573674188615984,0.482401768415759,0.6336673536504768,0.5441894528285103,0.47241292223117115
FGF2 ,0.5843554285533792,0.5348761976147542,0.48713569845118004,0.0,0.5070269520162196,0.42399652728165316,0.6176158086138178,0.5153994421755704,0.5812136776832233,0.4167163622074325,0.5004719159215565,0.3485062191086249,0.31764417397966005,0.613977551788942,0.2798032109793514,0.515633023270464,0.4039977502243025,0.5150374561892523,0.647845206158696,0.4926023405662392,0.602799424520637,0.44293145700799175,0.6131803075751248,0.5245585032401249,0.4040884850539294,0.3767551866134378,0.45927316540573404,0.322853201277337,0.4443458920867889,0.4659237491295732,0.5134223573649677,0.43792870153805546,0.5188800684589979,0.6849126894782369,0.655141683205146,0.4898601269630635,0.5575890155548705,0.5943204211566631,0.4509079453258311,0.649587690134788,0.5669786942971707,0.5491829959572658,0.48596071221012416,0.5203710427766941,0.5761536622408198,0.457712184799579,0.5370004194833152,0.4967387742777164,0.5922215927577559,0.5181108599783539,0.49120021579602524,0.6263855181016366,0.41579868695985733,0.562494845366125,0.50715939121945,0.3775077599542952,0.41083963225397857,0.4509327650933978,0.47586649659817354,0.43368562138704936,0.45146651304543983,0.3738734689118741,0.4580001978004554,0.45366294846922117,0.6345284878974783,0.5546360182892063,0.544526760703627,0.5768747336561452,0.5980453588283834,0.3769050369110615
FLT3L ,0.5803619186081601,0.5573308267061693,0.5154952442164922,0.5070269520162196,0.0,0.4190571052969218,0.377351874735036,0.4774690670943903,0.3897724749932484,0.44859298631002625,0.41280099907433376,0.6279619864402228,0.49797487917086103,0.5165466614358707,0.45543090831016203,0.4371680299515222,0.494939150718331,0.3468343416395131,0.5123770390589248,0.5701128032783167,0.4789363271703163,0.5802302648797263,0.4785533464388761,0.40231480469191994,0.47772463334933213,0.47813668968157635,0.47174623476231414,0.5094384201984448,0.4566281320081345,0.6051602715706468,0.5152573529176032,0.5361939726515499,0.5710158672607822,0.3911246726172061,0.46547653426278124,0.5276546139232181,0.3612789308122847,0.42120556320781516,0.5291993386340793,0.5230863031076703,0.5247803007140632,0.5661655849273592,0.5459155467515936,0.6375452744622158,0.42826351314778743,0.5372303122432706,0.5364880474101348,0.5416636836183978,0.47491213942390764,0.568986197236163,0.5356828330600147,0.2863291793270929,0.6187156856023113,0.544208083261125,0.5566055298039978,0.558537356075461,0.6681014802429539,0.5618095363430439,0.5304191709087935,0.5781056649323675,0.4555626640250681,0.6026161505454493,0.5714909406571695,0.5775791166175958,0.4457219927876522,0.39319287479495385,0.4973470181829348,0.48805035633406213,0.5686387030686832,0.6259070679124603
Fractalkine ,0.6365700054761021,0.6760040813374022,0.6223561243099922,0.42399652728165316,0.4190571052969218,0.0,0.5230333768619834,0.4001920830530684,0.6202969102578995,0.4308402313548137,0.3995015055716708,0.5809025320641895,0.5221742095354163,0.4846020590727632,0.40986338800190464,0.4643031760285322,0.4424972540137566,0.5292885956948434,0.4923936663495734,0.5656098136421636,0.6175926240748628,0.42224562989607217,0.5236775522729843,0.44914088547399206,0.527472549039854,0.4239013776292725,0.44964739975865414,0.5009257868659033,0.4765119595160511,0.43111259748029385,0.5060638001227512,0.5639843422283073,0.4981304069351026,0.5363034856392654,0.4703810428915214,0.5420562008397797,0.4332375319203291,0.42359215405758627,0.5502929727305059,0.5647668940169115,0.6488284842878906,0.6931291634320483,0.5167897504712495,0.5078684185404363,0.3586469868637644,0.39441692644482174,0.6352491102993547,0.592687281240369,0.530450249847631,0.45218836476979724,0.5920675232784562,0.4671151398899841,0.5806106488865669,0.4773621918437095,0.48516040196065363,0.5413154285823698,0.5162949610256601,0.49136031430500976,0.3419365605559094,0.47661309470687907,0.49661262270033457,0.5270925679958925,0.4949019330255121,0.45867128555151687,0.40597476987933123,0.4375897177149011,0.541099792245836,0.48005576537357747,0.4682853566854867,0.5836410682422003
GCSF ,0.6655499362525041,0.6550249755304538,0.6444026862468433,0.6176158086138178,0.377351874735036,0.5230333768619834,0.0,0.5351532578116862,0.5044482894620176,0.5063452704250326,0.3998228568969889,0.6069475478938633,0.6076169249963885,0.5023982064774186,0.4475310960944661,0.43342309662529677,0.595604930043892,0.46799611906430966,0.3546471637847045,0.6129484447149598,0.5885321351380923,0.6100273879119611,0.21569418057128464,0.36496926267643937,0.5522425830363489,0.5510948359630206,0.40127068593098786,0.5513522995815299,0.565822561326608,0.4892200067994654,0.4536902603954773,0.5042966321184115,0.5317475965762808,0.27913135739219314,0.4083027165692603,0.564061310031912,0.36059119259670597,0.3892820799429005,0.5481659088811853,0.5515676035760615,0.6215640350433357,0.6505409062941866,0.37967224912637926,0.6086258800201607,0.39515745405632136,0.5430185031192383,0.536400061314076,0.5978611349017443,0.39125130144455067,0.5554892747719217,0.5524472334460495,0.3109669747664703,0.5796407999052857,0.560866039070193,0.2869536798405133,0.720041492942405,0.632345958830395,0.45510184967276635,0.5058132672498139,0.5835017589424895,0.49329696933517103,0.5027759934655631,0.5768340829209354,0.6100245849947175,0.37221809086691815,0.4345803275051473,0.3927048164453953,0.5447314551890595,0.500374857120872,0.5585453774548629
GMCSF ,0.48742268532894684,0.49169918152863956,0.4606078516795667,0.5153994421755704,0.4774690670943903,0.4001920830530684,0.5351532578116862,0.0,0.5170737336017677,0.5200233629008344,0.41969387840334776,0.5370053304053157,0.4971462072214169,0.5571778644403869,0.5215867489602614,0.37977680103758754,0.35983055851197104,0.43728958975388155,0.5129016474008714,0.5390816770593579,0.490899229825777,0.501031486425652,0.5856599234604988,0.3770080924944544,0.5000518742730357,0.41065177053175667,0.617095586174202,0.4879148046071341,0.430545554349106,0.6568956120038697,0.5660383056201712,0.4407700607358777,0.4146452623516188,0.5403785629653284,0.4564512525546814,0.4627148254247946,0.4900062572532317,0.48768119616921823,0.3609302820643634,0.4300557280909716,0.5035711539498705,0.5012856350360548,0.6243279408143848,0.6175567163221246,0.4622541123289287,0.4088759050153365,0.5173163955382952,0.5142688640472174,0.4993921334942317,0.5407654495117757,0.4657892131336337,0.45918953653249794,0.5377406194034892,0.49899169718392994,0.5331379528985958,0.49163422679016944,0.5283757666734145,0.6753049297826234,0.4552142210587016,0.6148598721582443,0.605300081601457,0.6357810126413188,0.48004868413128615,0.6021110043959672,0.46393225127635784,0.5525676781399497,0.5033735849506958,0.45837457968161177,0.6439173022323289,0.5298472460329816
CXCL1orGROa ,0.3548217169853567,0.31213144695488576,0.44626494832142233,0.5812136776832233,0.3897724749932484,0.6202969102578995,0.5044482894620176,0.5170737336017677,0.0,0.65610074770404,0.4915772326645992,0.572360965962085,0.4956455586801347,0.47175052134770173,0.6307143400478461,0.5456833551141494,0.543206073091033,0.5073856763494168,0.3607247651630501,0.3781920697294189,0.2966055843331723,0.5787979415229036,0.4808672973063268,0.5857998261302005,0.5510581430930459,0.5061991117060566,0.5783878321330684,0.5649673589841051,0.5110903443953073,0.5709215654574301,0.532366525233591,0.4473488715620052,0.5113592385032019,0.4626868038374369,0.49146964853530206,0.3922952175307659,0.5342065443591608,0.4931716101676081,0.49722255731540144,0.41091270854912465,0.3350855147066807,0.3729172507751567,0.5589258013617393,0.5027972733461258,0.46496608307810705,0.49434393461305504,0.5025339890923943,0.4876141656682401,0.512419033767152,0.5092608134278872,0.5281669941006709,0.42785823241845,0.6022813064163083,0.4809369656000019,0.5538038032692756,0.5776906733127892,0.5757143671940226,0.5824748805334842,0.6546539715290092,0.5805518231071876,0.6220934735458513,0.6484092051171386,0.6175307666550053,0.6070339579819759,0.5072367955692363,0.4555140997531799,0.5530308753428296,0.41464698017274154,0.5555270483895307,0.6360236403238914
IFNa2 ,0.670119343405206,0.6494644331025637,0.5185453978300633,0.4167163622074325,0.44859298631002625,0.4308402313548137,0.5063452704250326,0.5200233629008344,0.65610074770404,0.0,0.3449006982099979,0.5261043179121857,0.4060391413519514,0.5286296741477062,0.3714236693478192,0.4328401601613987,0.44431666225088806,0.5811014678607269,0.5838310910171776,0.5986106743609678,0.7271853820990921,0.5129365582980709,0.45426106600397415,0.3612320922586575,0.4830591788633136,0.41960431206243465,0.34397261934562173,0.35972999313709786,0.5135092933262516,0.4401452737810424,0.5479470929064577,0.5275649827566143,0.4496586987481232,0.4983242578508719,0.49946650450998176,0.6166563724001622,0.46192820358455267,0.5610159134311614,0.5390187434423596,0.6503430588516536,0.6133511418833043,0.6310366746455442,0.6477605214437984,0.6282271117069975,0.4951673504855401,0.48600562478911125,0.5099092695870795,0.6314232574372105,0.47312217161457903,0.4693730745247921,0.5794690889840075,0.4951295002646089,0.4881407853088157,0.5740445971948491,0.5050694715905735,0.4574591493229415,0.3653188954898603,0.44974011181839774,0.426434405433303,0.5200562778548998,0.4093172057416069,0.44568981347499304,0.47039349983316636,0.48152907710693854,0.36915507677431153,0.43980965728554455,0.4535237846587919,0.5150945481650903,0.46749349960652803,0.4890874842211033
IFNy ,0.563831387147702,0.5559978084805839,0.5176012172701061,0.5004719159215565,0.41280099907433376,0.3995015055716708,0.3998228568969889,0.41969387840334776,0.4915772326645992,0.3449006982099979,0.0,0.586616779010757,0.4117797154637441,0.49749693449283394,0.34127583136239054,0.5106810147472196,0.4676582819476313,0.5843732207044697,0.41968185460084484,0.6280285361517861,0.6266243893655494,0.6479946237033813,0.35676362968132336,0.461783211980661,0.4780951106374226,0.4322615349030188,0.47482722184734555,0.4240685024958859,0.5718744500861388,0.570502529828349,0.5075902521658644,0.48617258428274296,0.4846865203441523,0.38452613329741375,0.4200732404843783,0.38770531441639466,0.4171471020937131,0.4231965070410475,0.6039435771040248,0.5953131936326289,0.454193017388552,0.5549205375126391,0.5831406219455134,0.6336608581563323,0.41900005753731695,0.21976510184922476,0.5698195755435447,0.6465431689786042,0.39185636227775755,0.509352077413003,0.5672518863423177,0.4171724871979505,0.6387365631993636,0.5901816641037607,0.46138518980761706,0.5565348069468602,0.5330051268064556,0.5725248896935698,0.5657764432667182,0.6206334815486111,0.5303282420600015,0.5602759758333291,0.5761822855386998,0.6284514687554166,0.3594678079129585,0.5137785688961682,0.5627546203293323,0.48286476359591907,0.5416855089466728,0.6266148362128773
IL1a ,0.43384357566031995,0.47337389985403344,0.48094337443555946,0.3485062191086249,0.6279619864402228,0.5809025320641895,0.6069475478938633,0.5370053304053157,0.572360965962085,0.5261043179121857,0.586616779010757,0.0,0.3723294742116815,0.4868803023638191,0.4130389890520703,0.4964905667235638,0.5165421045124825,0.5175621274391079,0.614382648348445,0.40434267244071076,0.4902912727579419,0.4187974964120303,0.6665408816930889,0.5597918877438129,0.3687493083973434,0.4847427444883577,0.5787730590229494,0.30602738262364826,0.43581087513043304,0.5170109358692655,0.5567895783592727,0.5035827982051518,0.5120459969825287,0.6634400256182224,0.6317692569465513,0.534297998090863,0.6151152876989325,0.5216642232822729,0.3903152234181963,0.5073142070137551,0.5093772683246154,0.45548552261830516,0.4668910149586517,0.4310898206239371,0.5095995934314421,0.5701145235495577,0.452743283685264,0.4392605010316749,0.6756635968330078,0.5432937638522775,0.48405053773641904,0.6491266332728238,0.42012291761470505,0.46191494353800433,0.5437832206424219,0.4941307091984408,0.3924163171556842,0.5451085514098888,0.37395173229096007,0.4345301641209099,0.5543517854171972,0.48339233290378614,0.4002539144207894,0.43311883203414314,0.5796305550566508,0.5774025424528351,0.5788138339036666,0.585517455546509,0.5538596667860931,0.3975534026351755
IL1b ,0.47739297412931975,0.48434304142826323,0.5237991605528846,0.31764417397966005,0.49797487917086103,0.5221742095354163,0.6076169249963885,0.4971462072214169,0.4956455586801347,0.4060391413519514,0.4117797154637441,0.3723294742116815,0.0,0.6449096344280854,0.4527357703869373,0.5532889797406303,0.4322320323947079,0.5267495054739698,0.5274056526820028,0.4553586372366546,0.5924595078637239,0.5814538033590368,0.5654301131465467,0.5177069319817411,0.2986520829728283,0.3720124656130377,0.4929575413469458,0.2972570754813849,0.5160914123393325,0.4696335802803998,0.586398508971382,0.48249831910964697,0.5199815244622723,0.5355040737442343,0.6805111421382093,0.47024451578259935,0.5731843926857153,0.5671069454315331,0.5307962259817701,0.5743330343016555,0.4413676671737299,0.42835364826139455,0.536612989508763,0.5196507559903609,0.5728460018717163,0.42685874491675835,0.5458574347123916,0.5487166719136775,0.5738771156027724,0.41032201764564313,0.5170196653905106,0.57805616957198,0.4727283842098632,0.5587551919575585,0.532884421123492,0.4192394282613043,0.5511016183753921,0.5270173248136367,0.5267372920138291,0.43974001113081085,0.45064617715715427,0.5185880995641038,0.4401387742461708,0.44386309846614486,0.6031196807795138,0.5929734823719657,0.5671463220515295,0.5818899305873555,0.5409340853176916,0.4645951319502242
IL1RA ,0.5735543949526377,0.5645444069802317,0.5437679027019043,0.613977551788942,0.5165466614358707,0.4846020590727632,0.5023982064774186,0.5571778644403869,0.47175052134770173,0.5286296741477062,0.49749693449283394,0.4868803023638191,0.6449096344280854,0.0,0.4384558543040378,0.5171089888947173,0.5691925345856536,0.5591059953219134,0.4327472780235894,0.5556634977335777,0.41076521206123817,0.583269095131674,0.3897911471978307,0.46217467070710916,0.6086791068543018,0.6181029182175168,0.4376298164912647,0.5063228540659207,0.6275390137952422,0.5635618737497303,0.3912580611033728,0.602666810459859,0.40408839306956473,0.434354949961827,0.3522707594365252,0.43739213943806854,0.41485880990579155,0.33760698408231965,0.4907002693253132,0.3793792302301523,0.5357285136773371,0.5523250296031185,0.49271076562544797,0.4333742891969122,0.31513962146123065,0.5704476593665109,0.6486829083397894,0.5157886537362337,0.4543037736753674,0.48825949616934006,0.5486214037744209,0.41834943450895384,0.600227358444426,0.48558526684184167,0.5369562094087879,0.5825991168908661,0.5862629570879909,0.594353637156545,0.44494626205032756,0.6196890138746133,0.5345643441100144,0.475579933421727,0.602927500790931,0.6339734524584479,0.4846276154747496,0.4541010763186438,0.42722422639934926,0.5058533953874998,0.4550263061142821,0.5994481626269926
IL2 ,0.7376921160602217,0.7099330122529814,0.5159376642054374,0.2798032109793514,0.45543090831016203,0.40986338800190464,0.4475310960944661,0.5215867489602614,0.6307143400478461,0.3714236693478192,0.34127583136239054,0.4130389890520703,0.4527357703869373,0.4384558543040378,0.0,0.46288971147133284,0.4585071947531951,0.4943280925518131,0.6011033990687276,0.6363141542118307,0.686964565637639,0.5687288899604906,0.5199930908475123,0.3949656136365552,0.3714672067359257,0.4786803169229858,0.5095952297151372,0.36547920212399926,0.5442150036711263,0.4089622208997048,0.6869065376693678,0.5021992146350774,0.455602929443159,0.5316275441562963,0.47303179460944556,0.41335515147905366,0.45827303309793727,0.5427366822885512,0.4552559641769165,0.6417613686161545,0.6447839909870923,0.6693351397296599,0.5293769530781127,0.6552529708351597,0.44134787132372566,0.40183520292716024,0.6009220014464591,0.6179605029439709,0.40712422680895194,0.5627549224385474,0.46058395537985064,0.4487976647066916,0.4905055523209354,0.5367884521702795,0.4378914642366565,0.49586842747088633,0.5299110785832196,0.4628205368403038,0.4532534692826269,0.4425833317951144,0.4490723889852015,0.47663181239053215,0.4958256044632967,0.4573901789540111,0.44921801232782704,0.5048514024319227,0.46759976291810496,0.45632591201585887,0.5610155090314245,0.4831510650168103
IL3 ,0.5166373069966016,0.4829703221574001,0.5205058457359094,0.515633023270464,0.4371680299515222,0.4643031760285322,0.43342309662529677,0.37977680103758754,0.5456833551141494,0.4328401601613987,0.5106810147472196,0.4964905667235638,0.5532889797406303,0.5171089888947173,0.46288971147133284,0.0,0.6178640218912855,0.45071867643666685,0.4834671001186964,0.5496021462193905,0.5061764688749306,0.5380982629675446,0.522613299006212,0.44366352713616075,0.49283710985479506,0.5073291265046286,0.49178033995110454,0.4117466916167649,0.539291469406468,0.4627109253362915,0.5491907140751457,0.6376636291563116,0.5789620192596413,0.4996345420205247,0.3974835728033393,0.5493885606525644,0.4836514974884073,0.4933257101948211,0.39975110268615754,0.4858944482957996,0.5304683418149152,0.4773675854241899,0.6020136718987634,0.5141995102921949,0.5876423827947579,0.48447162733973687,0.4993859332076037,0.5003300589220536,0.4842460572341751,0.5802543058922589,0.476693292104129,0.4507217768902579,0.49960986012047415,0.4727537195063313,0.5709005462995194,0.5733520416485254,0.502667866570465,0.5825122050589069,0.4711491202872484,0.5487968313321663,0.5477041236255349,0.5393550474048125,0.40844140905338344,0.5334054620884346,0.5610795146918441,0.48073917826557205,0.5979515645330359,0.4930357885121674,0.5299379467714664,0.5288984727022669
IL4 ,0.5599405600546323,0.5969408393192386,0.4091934272031338,0.4039977502243025,0.494939150718331,0.4424972540137566,0.595604930043892,0.35983055851197104,0.543206073091033,0.44431666225088806,0.4676582819476313,0.5165421045124825,0.4322320323947079,0.5691925345856536,0.4585071947531951,0.6178640218912855,0.0,0.5651836216346524,0.7141280674880301,0.5246435866637542,0.6327549709223608,0.3526530772113489,0.5937870557065572,0.48106777555852276,0.3361037800399055,0.3357943790448662,0.5981517860555943,0.5863329060786836,0.3134007949501093,0.5247066843633591,0.5844319527147476,0.34768025210172476,0.5876153075834217,0.6768851425378754,0.6017834108624185,0.4409018899867847,0.6337922863852316,0.6387953145534272,0.49547384337770445,0.6161686615451571,0.6782388793968086,0.5808541646174852,0.5590181042667695,0.5281329142137406,0.34620464167887904,0.3636233692867173,0.4897732100128596,0.4875850627493743,0.5047747935641329,0.5696285774268619,0.4193468414672322,0.5141112202320375,0.4472817363490179,0.4340156815936271,0.49294846912487406,0.35431461484696863,0.266338240355033,0.4935233560920008,0.4142739312618926,0.4543217807805346,0.3665867225059597,0.5545555672436935,0.5180231756751128,0.5148467298638834,0.49212364476398934,0.5306582779514265,0.5375402175485725,0.5622017965203485,0.5817479774817865,0.3814554011489366
IL5 ,0.48645008817327906,0.5764113540224397,0.4369541772093394,0.5150374561892523,0.3468343416395131,0.5292885956948434,0.46799611906430966,0.43728958975388155,0.5073856763494168,0.5811014678607269,0.5843732207044697,0.5175621274391079,0.5267495054739698,0.5591059953219134,0.4943280925518131,0.45071867643666685,0.5651836216346524,0.0,0.5104320913495121,0.5772399160505073,0.41220741516403236,0.4527808768866812,0.5985214797866,0.3997600946343326,0.47023529534668246,0.47018614600281294,0.61119588660324,0.5455321334793655,0.4959584429660408,0.661445109503517,0.41536552178035613,0.5657873660727857,0.5624916239273173,0.4643731671488133,0.4767222286377583,0.4458201472248295,0.48196206154983484,0.4328692539733971,0.4200556667362148,0.5153408508689861,0.5003990389824873,0.5468711434181378,0.4782507071153328,0.6133536327505422,0.4423310030141042,0.5429934196005582,0.44314265397972963,0.3410810059409306,0.5508018880287366,0.5977505878430158,0.3630566446767577,0.40343796295195017,0.5339040702882929,0.4364493980400375,0.5894399552784968,0.46868516237867414,0.5126980822817093,0.6257142075164215,0.5555785688125705,0.5902694100759998,0.5642404129589657,0.6130071344489688,0.5619216186681676,0.5920378616445158,0.5164123269253422,0.42101065365208434,0.4537055221254971,0.5591860066775517,0.5747584759057127,0.5249653280237292
IL6 ,0.4861173711201958,0.47161988603049176,0.6244553908022882,0.647845206158696,0.5123770390589248,0.4923936663495734,0.3546471637847045,0.5129016474008714,0.3607247651630501,0.5838310910171776,0.41968185460084484,0.614382648348445,0.5274056526820028,0.4327472780235894,0.6011033990687276,0.4834671001186964,0.7141280674880301,0.5104320913495121,0.0,0.46907182217900084,0.38760222317880444,0.5571887300307908,0.26502979038466956,0.5406216165100647,0.5883850349073235,0.5692631198795941,0.4969377217375463,0.5684213339906433,0.666969607559837,0.517957033198327,0.4357749668407546,0.597843684077592,0.4734696478411788,0.18829716458722556,0.28443236433004293,0.4396578065740789,0.43782110776859573,0.21421201595971345,0.6119457043311433,0.3960883455057694,0.4274886919468607,0.5171737620591622,0.4900747906654447,0.4292932511858931,0.35783150043456324,0.44041674699122507,0.5679701632111999,0.596082886177328,0.5248972461723981,0.4197089207412745,0.6750138957553069,0.27596996065788504,0.6717669691960535,0.541925439758602,0.5480150287613406,0.6412494022478208,0.6872322999340641,0.6192634764441749,0.5998659648166318,0.6034596990339108,0.6039653003894956,0.5956606027360974,0.623990750244984,0.5996832879355511,0.535567056119918,0.5040941813696607,0.5784229467991744,0.48212742341827924,0.44329224585119614,0.6866754871056147
IL7 ,0.22939673048998604,0.28421419290110483,0.5050990527254253,0.4926023405662392,0.5701128032783167,0.5656098136421636,0.6129484447149598,0.5390816770593579,0.3781920697294189,0.5986106743609678,0.6280285361517861,0.40434267244071076,0.4553586372366546,0.5556634977335777,0.6363141542118307,0.5496021462193905,0.5246435866637542,0.5772399160505073,0.46907182217900084,0.0,0.3799969212414391,0.47657126859852095,0.6120646164932783,0.6300873501127171,0.4078476820886161,0.4362711771252933,0.5637081060423438,0.44747768126111237,0.45680157532397003,0.5342228984249406,0.5243025045451634,0.4358713815468288,0.5724533687749546,0.5653650421877309,0.594304918659367,0.4904909625645288,0.6131786013908627,0.5520549495415553,0.48033872323843146,0.3755390478944889,0.3313206879814025,0.2955543859123989,0.5693586396467316,0.44151030334125796,0.5614438784989907,0.5164518043758374,0.36395039310328137,0.4180177727255018,0.5842793575956364,0.5485866351072286,0.5425235348787812,0.591047141422419,0.5924879360490816,0.4279704889788182,0.5790599345417549,0.5527566788970867,0.4808233344621314,0.5904581441743666,0.5556743354918852,0.5528574688557155,0.6222187004849602,0.5746606747049641,0.5475802261231464,0.5139259686586956,0.5948385895244205,0.595664066258206,0.589084361304738,0.3592879595358542,0.4622516091417022,0.5857766668939272
IL8orCXCL8,0.2819976213067977,0.3278684127249716,0.41991989765840515,0.602799424520637,0.4789363271703163,0.6175926240748628,0.5885321351380923,0.490899229825777,0.2966055843331723,0.7271853820990921,0.6266243893655494,0.4902912727579419,0.5924595078637239,0.41076521206123817,0.686964565637639,0.5061764688749306,0.6327549709223608,0.41220741516403236,0.38760222317880444,0.3799969212414391,0.0,0.49460619065147854,0.5485854672729716,0.6146546516439938,0.553178300070452,0.5713279427921601,0.5794472427614642,0.589723416920358,0.558878533701991,0.6826180976606762,0.4436445646021897,0.5469033602198541,0.5074942511556174,0.4480863187152526,0.3901718279506394,0.4236441254487836,0.48961431590367166,0.3927028208905091,0.4054213013060834,0.29270649307025454,0.3124383961284818,0.3513433597237189,0.527765163964511,0.3789215994217082,0.42310699812188285,0.49441617440957314,0.44153690245211347,0.4485444759094938,0.6687325197636111,0.5529057215550011,0.5298350318086407,0.4633970981554307,0.5353155917129384,0.41637146304824124,0.6385748181710217,0.5408936726313005,0.5868837069511669,0.6661813131851804,0.5984350587656517,0.6612181830702453,0.662125934450146,0.6807621699252162,0.5883844226328128,0.6296795125335701,0.6183712561303688,0.46826935377652573,0.60075857897225,0.39965095660276,0.533177253503629,0.5937148513529297
IL9 ,0.44028248192345387,0.5238532304642651,0.5088798022344962,0.44293145700799175,0.5802302648797263,0.42224562989607217,0.6100273879119611,0.501031486425652,0.5787979415229036,0.5129365582980709,0.6479946237033813,0.4187974964120303,0.5814538033590368,0.583269095131674,0.5687288899604906,0.5380982629675446,0.3526530772113489,0.4527808768866812,0.5571887300307908,0.47657126859852095,0.49460619065147854,0.0,0.668555849204614,0.5243033961739332,0.5566453942856419,0.4198660309239042,0.4856299897955338,0.5711152333767407,0.3298073705452168,0.47712636687280746,0.5207742185801312,0.46743257562680574,0.47593488011089746,0.6198470020831519,0.5619743084482366,0.6024206840330617,0.5984925798263584,0.5148019466668585,0.4522913121707158,0.46861844107377276,0.5239885926846333,0.5015943078085054,0.5640247164530307,0.4487629844630331,0.46423269634025766,0.4911379574610167,0.3918008171417785,0.5367100649880138,0.6324909160222585,0.5432047249291692,0.48541872732826263,0.5746964201555033,0.42294861477498724,0.40031318689922946,0.6029745922119919,0.4870054864718181,0.3243277506312874,0.5558634008929292,0.36618482594696045,0.4609847185348741,0.5826784196731429,0.5669776744093069,0.43530312655229997,0.45441250692474494,0.5217763608664402,0.4719805556589173,0.5348318919877875,0.5124540676499699,0.444684060888347,0.40953302683250176
IL10 ,0.6113635426425585,0.6082717190896335,0.6164824186941754,0.6131803075751248,0.4785533464388761,0.5236775522729843,0.21569418057128464,0.5856599234604988,0.4808672973063268,0.45426106600397415,0.35676362968132336,0.6665408816930889,0.5654301131465467,0.3897911471978307,0.5199930908475123,0.522613299006212,0.5937870557065572,0.5985214797866,0.26502979038466956,0.6120646164932783,0.5485854672729716,0.668555849204614,0.0,0.4807823765180577,0.5902103215351652,0.6067219021132246,0.3538530569131485,0.516966936947074,0.6233120905825289,0.488174022374334,0.35143085382942024,0.5223848989715848,0.4725827171483069,0.20340116096247218,0.383998412846976,0.4830887777954572,0.3273428147441516,0.3232403212048939,0.6178144939717046,0.5405401545449074,0.5537509438929493,0.6001141161210697,0.3986694662227384,0.495851686148821,0.3970226391730207,0.5612260794431251,0.6309750175848392,0.6395205631656169,0.3773601183866701,0.43399338616032695,0.6358811801429651,0.3299474787332527,0.5992036732731081,0.5725492811814126,0.354913601538536,0.6416336862241134,0.6651946402216196,0.45768868244980504,0.5652555551330647,0.5695750102057865,0.48312612461611615,0.47161657325178463,0.64000142229768,0.6231283291426399,0.43701576051317326,0.4704468481310052,0.4547728932966535,0.5791108294659097,0.46289165708717345,0.5979866746644991
IL12p40 ,0.698548633759261,0.669612512875724,0.5125253562789571,0.5245585032401249,0.40231480469191994,0.44914088547399206,0.36496926267643937,0.3770080924944544,0.5857998261302005,0.3612320922586575,0.461783211980661,0.5597918877438129,0.5177069319817411,0.46217467070710916,0.3949656136365552,0.44366352713616075,0.48106777555852276,0.3997600946343326,0.5406216165100647,0.6300873501127171,0.6146546516439938,0.5243033961739332,0.4807823765180577,0.0,0.5638255419519241,0.4397991067748849,0.47245967783415,0.4864038127930169,0.49069767588176666,0.541237791221722,0.46829630223587787,0.5734685176108612,0.49421347338647215,0.40436144857747325,0.4606590542263981,0.5581347757440173,0.4029713662312645,0.45853556152770303,0.43889588089985604,0.5822507038110807,0.6649040219033022,0.678267407605469,0.5414120973200516,0.6523297937168947,0.4805333712782158,0.5574395601222418,0.5872447426431627,0.582756952780546,0.41834973098517625,0.4790028585008433,0.462701276350502,0.39935299898040366,0.519105480369145,0.6114581611590222,0.45331187836975284,0.5105545359709983,0.533675713893181,0.5235192079902234,0.41397466064959126,0.5964204717831674,0.46978669810982054,0.49511344878013636,0.5247830702305594,0.5670162680939137,0.40319150777273494,0.431049830814244,0.291984379293992,0.5455946827599729,0.5510228885861814,0.5245689509595377
IL12p70 ,0.4172312711309082,0.43492360936644087,0.48908679623903484,0.4040884850539294,0.47772463334933213,0.527472549039854,0.5522425830363489,0.5000518742730357,0.5510581430930459,0.4830591788633136,0.4780951106374226,0.3687493083973434,0.2986520829728283,0.6086791068543018,0.3714672067359257,0.49283710985479506,0.3361037800399055,0.47023529534668246,0.5883850349073235,0.4078476820886161,0.553178300070452,0.5566453942856419,0.5902103215351652,0.5638255419519241,0.0,0.3540495440432241,0.6928242593158831,0.4325953839678154,0.39950472282274785,0.5973409512601534,0.5816334796965859,0.3783331373436742,0.6002246584323514,0.5529027033787303,0.6299438457828829,0.3613365522879336,0.6724911781927915,0.6056876861724727,0.4216700311615942,0.5781052235334017,0.4811314573397237,0.4665458153088448,0.6159896548109293,0.5339435919590088,0.5422017027875529,0.35048095812903635,0.4479805009517912,0.42178489188750845,0.5312501291271063,0.48270335973592643,0.4214296627377777,0.4736967663427156,0.6335418085519013,0.5144601696305766,0.5702207889422974,0.472808976530681,0.5578953369595445,0.5866448411648725,0.5039486498207458,0.5417533804656047,0.4827088009358967,0.5745189032897035,0.4803634287302916,0.5117919181688624,0.5933886113350616,0.6126790174771658,0.4331843885271192,0.4342218520625942,0.479881785717191,0.6127715555800742
IL13 ,0.48266054452045365,0.5322436896634356,0.5307496106595115,0.3767551866134378,0.47813668968157635,0.4239013776292725,0.5510948359630206,0.41065177053175667,0.5061991117060566,0.41960431206243465,0.4322615349030188,0.4847427444883577,0.3720124656130377,0.6181029182175168,0.4786803169229858,0.5073291265046286,0.3357943790448662,0.47018614600281294,0.5692631198795941,0.4362711771252933,0.5713279427921601,0.4198660309239042,0.6067219021132246,0.4397991067748849,0.3540495440432241,0.0,0.6690380479771327,0.46234110614983726,0.3941615667203209,0.5275849186511774,0.5216229325055884,0.32293072316346627,0.5625443818343878,0.5548506490263739,0.6430762930515842,0.3764324954373869,0.5327987803933933,0.49788687458061265,0.5247223772880898,0.612927673579557,0.49702840235310625,0.5479668430992988,0.7604676370305846,0.5606738807944351,0.438663272613089,0.35881566995109154,0.5261252956892125,0.5180520173044308,0.5076696398307505,0.48524778996406503,0.4886096828689047,0.5477239604929071,0.5047295847508486,0.5054519541783211,0.6722214114115365,0.46342525036502863,0.4561814899128398,0.5864380441311278,0.5796243286063949,0.5093387546889636,0.4753896961907382,0.5916564346077039,0.47512552973395994,0.5006004675968582,0.5732959532584558,0.5927578536871819,0.5137023182035113,0.46020571817117956,0.4969503207347575,0.4721542414922666
IL15 ,0.6221318555247379,0.5908952635908276,0.6113105326523911,0.45927316540573404,0.47174623476231414,0.44964739975865414,0.40127068593098786,0.617095586174202,0.5783878321330684,0.34397261934562173,0.47482722184734555,0.5787730590229494,0.4929575413469458,0.4376298164912647,0.5095952297151372,0.49178033995110454,0.5981517860555943,0.61119588660324,0.4969377217375463,0.5637081060423438,0.5794472427614642,0.4856299897955338,0.3538530569131485,0.47245967783415,0.6928242593158831,0.6690380479771327,0.0,0.47592478583801073,0.6370966062375729,0.4039376246435147,0.4410755643979306,0.5832961341375233,0.48745988599186846,0.4398833530216865,0.505571782845999,0.7287255707725204,0.35126700759486995,0.5140504341213544,0.5273657334060855,0.542060692523832,0.5927982937372732,0.563066178267259,0.4009502093014,0.4876845706688779,0.536838419805864,0.5806907755243277,0.5532379497930846,0.6318222019880994,0.4913889240263479,0.5051000242027113,0.6325401855185329,0.5292800865671291,0.44609472881237167,0.5387615371094002,0.3689280072733842,0.5779442402791366,0.515766566429766,0.3759456163528663,0.3855790810769143,0.4802361503826989,0.455483618885527,0.38766095261394895,0.5398288670036888,0.50526520490393,0.3787106395606835,0.32684408142949434,0.5046243728689966,0.5421180104311392,0.42649877570536376,0.44187323310373217
IL17A ,0.5281844750044132,0.5223112764232317,0.6126735078784923,0.322853201277337,0.5094384201984448,0.5009257868659033,0.5513522995815299,0.4879148046071341,0.5649673589841051,0.35972999313709786,0.4240685024958859,0.30602738262364826,0.2972570754813849,0.5063228540659207,0.36547920212399926,0.4117466916167649,0.5863329060786836,0.5455321334793655,0.5684213339906433,0.44747768126111237,0.589723416920358,0.5711152333767407,0.516966936947074,0.4864038127930169,0.4325953839678154,0.46234110614983726,0.47592478583801073,0.0,0.5660539700284126,0.47393217106246976,0.5414754301315199,0.5927640056708914,0.5479940775890298,0.5696348495428566,0.61672620826478,0.5548013142828354,0.5633183977025025,0.477363589788911,0.3536271272144661,0.5972716088435717,0.5549660683408327,0.5248054416961058,0.5194900604453335,0.5637034658270668,0.511539583721216,0.46147100278888187,0.4991344299635167,0.5242716939996427,0.5802182366431736,0.4997678172190111,0.594000943952697,0.5430265769122546,0.4338950774352534,0.5906171730453728,0.45971298836605273,0.5710086190293145,0.4470761624973581,0.5244852073964752,0.40875093970805,0.48420394742560413,0.528965336468633,0.4143058935257805,0.4364018380008278,0.4600014957478317,0.5576197969354085,0.5814130471368113,0.5412371385085265,0.5308131754072786,0.5713419313479808,0.43159841913277763
IL17E/IL25 ,0.42021688346361774,0.4486330578973056,0.4879462954323951,0.4443458920867889,0.4566281320081345,0.4765119595160511,0.565822561326608,0.430545554349106,0.5110903443953073,0.5135092933262516,0.5718744500861388,0.43581087513043304,0.5160914123393325,0.6275390137952422,0.5442150036711263,0.539291469406468,0.3134007949501093,0.4959584429660408,0.666969607559837,0.45680157532397003,0.558878533701991,0.3298073705452168,0.6233120905825289,0.49069767588176666,0.39950472282274785,0.3941615667203209,0.6370966062375729,0.5660539700284126,0.0,0.46749338614482416,0.5141127506316322,0.2918052549910559,0.49910352138929975,0.6419576969067146,0.6004678180346776,0.44643519589958924,0.5363002794048467,0.6965722154421489,0.4681035027191461,0.5865102680958911,0.533202259668121,0.4678998384930265,0.5392484859087047,0.5081283982893816,0.6198854003858761,0.5185486959422793,0.4562115346714833,0.5650627020569147,0.5338197432834971,0.6212218933785701,0.42369459875930665,0.5924417156624693,0.4186121589152985,0.49930922356520224,0.5624964572495094,0.48085419087319903,0.4381774224309663,0.5098875331434093,0.4724253944564768,0.4530177226186662,0.49923713218024657,0.4635744287972119,0.34343988999921393,0.445932743871619,0.5688796357785881,0.6156800668606479,0.48300522130504936,0.441809625706355,0.5629867941392998,0.42414768376640766
IL17F ,0.6133363538241599,0.5254860107034597,0.6190748201827688,0.4659237491295732,0.6051602715706468,0.43111259748029385,0.4892200067994654,0.6568956120038697,0.5709215654574301,0.4401452737810424,0.570502529828349,0.5170109358692655,0.4696335802803998,0.5635618737497303,0.4089622208997048,0.4627109253362915,0.5247066843633591,0.661445109503517,0.517957033198327,0.5342228984249406,0.6826180976606762,0.47712636687280746,0.488174022374334,0.541237791221722,0.5973409512601534,0.5275849186511774,0.4039376246435147,0.47393217106246976,0.46749338614482416,0.0,0.5980699262985969,0.5439538531822594,0.574060176700572,0.5493582669511453,0.5560588997434951,0.647840900536842,0.570815572963119,0.600758824365676,0.610270020722928,0.669139421000362,0.5863352684567364,0.5604221450146252,0.38803179510883484,0.2839374997334539,0.6362699906066697,0.5218350281595642,0.5768751848179294,0.5851494057935366,0.532028390063993,0.4583030009860215,0.5782442191078393,0.6415014229840383,0.3735848874975888,0.5613337397857239,0.45553332916571065,0.48310435693533404,0.5431352142276715,0.20813163101579973,0.47458518339962497,0.16312935595695688,0.2877197996051454,0.32869653388809406,0.3691019709225615,0.188483045320194,0.5084946402319749,0.5407121040775048,0.4977063589584438,0.5398983449731998,0.4770244604670518,0.3716419905889151
IL18 ,0.4463848516175891,0.564702133479676,0.5136709972197735,0.5134223573649677,0.5152573529176032,0.5060638001227512,0.4536902603954773,0.5660383056201712,0.532366525233591,0.5479470929064577,0.5075902521658644,0.5567895783592727,0.586398508971382,0.3912580611033728,0.6869065376693678,0.5491907140751457,0.5844319527147476,0.41536552178035613,0.4357749668407546,0.5243025045451634,0.4436445646021897,0.5207742185801312,0.35143085382942024,0.46829630223587787,0.5816334796965859,0.5216229325055884,0.4410755643979306,0.5414754301315199,0.5141127506316322,0.5980699262985969,0.0,0.5207929349556362,0.4848413004550565,0.33417727717002166,0.47223958721543713,0.4848931529596698,0.43730969661570285,0.3630283597519234,0.41613745986317274,0.4970860754709543,0.5338372666118572,0.559837575481846,0.4578802184230225,0.49473645949496875,0.4496954254349521,0.5470275904618391,0.5122514225740085,0.4394667532269353,0.4641143108179054,0.42295752598761,0.5795185840097119,0.46066134832501415,0.5148370335572269,0.5541049641521221,0.5826627949545113,0.5579478140366958,0.5878587537430336,0.614456112476335,0.5039014541621091,0.6536343847709126,0.6370524293393962,0.45184343862362775,0.5491190447330521,0.632953383989272,0.5604550806951405,0.4338593543062634,0.4654344042920216,0.5965496299602872,0.5158859829967293,0.5044235318625337
IL22 ,0.4913745702200459,0.4504975247704568,0.4360914051031159,0.43792870153805546,0.5361939726515499,0.5639843422283073,0.5042966321184115,0.4407700607358777,0.4473488715620052,0.5275649827566143,0.48617258428274296,0.5035827982051518,0.48249831910964697,0.602666810459859,0.5021992146350774,0.6376636291563116,0.34768025210172476,0.5657873660727857,0.597843684077592,0.4358713815468288,0.5469033602198541,0.46743257562680574,0.5223848989715848,0.5734685176108612,0.3783331373436742,0.32293072316346627,0.5832961341375233,0.5927640056708914,0.2918052549910559,0.5439538531822594,0.5207929349556362,0.0,0.5054487798650031,0.585295957905771,0.5379120403462354,0.36952046797821736,0.5119671699595322,0.6751583824659175,0.5365130596791593,0.5192612276406623,0.528357637070625,0.5066876040167023,0.48340085234544494,0.640410378582179,0.512843131838129,0.42775685194273994,0.4708718048004544,0.54992926077615,0.4252807087159201,0.542766771630353,0.4350296066440721,0.5465010055517591,0.4676203859147754,0.5348941325743549,0.5219741107189052,0.40087676498655267,0.3921915640335787,0.49017182599151055,0.5689504348483299,0.541578822577528,0.5051833754158487,0.5489051345058332,0.47815406258375687,0.5176395957200121,0.517032795439081,0.5976695191725424,0.5459555943189364,0.44330363788273475,0.5900336305336249,0.43857956046916313
IL27 ,0.4660355210895606,0.5135110340656474,0.4757277063901899,0.5188800684589979,0.5710158672607822,0.4981304069351026,0.5317475965762808,0.4146452623516188,0.5113592385032019,0.4496586987481232,0.4846865203441523,0.5120459969825287,0.5199815244622723,0.40408839306956473,0.455602929443159,0.5789620192596413,0.5876153075834217,0.5624916239273173,0.4734696478411788,0.5724533687749546,0.5074942511556174,0.47593488011089746,0.4725827171483069,0.49421347338647215,0.6002246584323514,0.5625443818343878,0.48745988599186846,0.5479940775890298,0.49910352138929975,0.574060176700572,0.4848413004550565,0.5054487798650031,0.0,0.46336187441912435,0.44505217646269357,0.4659773032371789,0.4619294192806487,0.4422517236810777,0.5046374539424476,0.4107769996456344,0.4987872732073643,0.4748500807563553,0.5629064424496307,0.549218219141954,0.43864356462184856,0.5353481089702607,0.4855911202474947,0.5423290299565602,0.5082312623434673,0.48587195965344027,0.542204490500303,0.5363444980578495,0.5011583129534612,0.47737202230819237,0.48998246094157366,0.49396894274181896,0.5163349146466164,0.6115343915883812,0.46192941962087614,0.5905165463129477,0.6093577171125476,0.5467575437067526,0.509340867947496,0.5619160913670523,0.5403994731227317,0.41571545240102686,0.49041069387698627,0.5156842239972776,0.5376721774293743,0.5510946459350347
CXCL10orIP10 ,0.5043127572965064,0.5934399329035833,0.6144404381898146,0.6849126894782369,0.3911246726172061,0.5363034856392654,0.27913135739219314,0.5403785629653284,0.4626868038374369,0.4983242578508719,0.38452613329741375,0.6634400256182224,0.5355040737442343,0.434354949961827,0.5316275441562963,0.4996345420205247,0.6768851425378754,0.4643731671488133,0.18829716458722556,0.5653650421877309,0.4480863187152526,0.6198470020831519,0.20340116096247218,0.40436144857747325,0.5529027033787303,0.5548506490263739,0.4398833530216865,0.5696348495428566,0.6419576969067146,0.5493582669511453,0.33417727717002166,0.585295957905771,0.46336187441912435,0.0,0.33504149747677514,0.480546799086494,0.3138995282997169,0.21799082793305524,0.5965458817544439,0.5159528698027812,0.4928234302401901,0.5886482084641118,0.5019890619944357,0.5392733363357946,0.33297471456501254,0.48268305556817187,0.5672236133189922,0.603124700581993,0.4058684416329873,0.383618262152143,0.6439550421763491,0.2886342027956039,0.6639984738954232,0.5483578298799164,0.5288956543197469,0.6610656912824058,0.7519039338291054,0.6139013746030488,0.6124283998628813,0.6383310643307772,0.5422695123055327,0.6367293388288671,0.6686788816860492,0.6443962791553437,0.4815137819429429,0.36260287654088874,0.5018948789179267,0.49871897633834644,0.47952417110311046,0.6866057164838397
CCL2orMCP1 ,0.6028503334166886,0.5790521550719224,0.389942985249271,0.655141683205146,0.46547653426278124,0.4703810428915214,0.4083027165692603,0.4564512525546814,0.49146964853530206,0.49946650450998176,0.4200732404843783,0.6317692569465513,0.6805111421382093,0.3522707594365252,0.47303179460944556,0.3974835728033393,0.6017834108624185,0.4767222286377583,0.28443236433004293,0.594304918659367,0.3901718279506394,0.5619743084482366,0.383998412846976,0.4606590542263981,0.6299438457828829,0.6430762930515842,0.505571782845999,0.61672620826478,0.6004678180346776,0.5560588997434951,0.47223958721543713,0.5379120403462354,0.44505217646269357,0.33504149747677514,0.0,0.4150804833189044,0.4590972469683125,0.35804128337772523,0.5541414118753395,0.43572070401560664,0.49574711700550056,0.5491126985555062,0.4204579773252524,0.5716105364847344,0.3885975307807244,0.4955007578730923,0.5501301900716761,0.622749836072642,0.4800140016562992,0.5144170090960639,0.4948524742020965,0.3063256725397586,0.5646837925177531,0.5843531554208736,0.49844387882718433,0.47369038405157693,0.5771260627298397,0.5757039640557987,0.5886843813755068,0.6536568484271106,0.5263185368494144,0.575159228370938,0.6106525624751599,0.6348595025304651,0.41455294175198487,0.4336999866398782,0.5588590285177779,0.508063678803832,0.5173259836699479,0.6221144059220833
CCL7orMCP3 ,0.43228616251700025,0.4507568777225497,0.34164161785314745,0.4898601269630635,0.5276546139232181,0.5420562008397797,0.564061310031912,0.4627148254247946,0.3922952175307659,0.6166563724001622,0.38770531441639466,0.534297998090863,0.47024451578259935,0.43739213943806854,0.41335515147905366,0.5493885606525644,0.4409018899867847,0.4458201472248295,0.4396578065740789,0.4904909625645288,0.4236441254487836,0.6024206840330617,0.4830887777954572,0.5581347757440173,0.3613365522879336,0.3764324954373869,0.7287255707725204,0.5548013142828354,0.44643519589958924,0.647840900536842,0.4848931529596698,0.36952046797821736,0.4659773032371789,0.480546799086494,0.4150804833189044,0.0,0.4618119749534423,0.4942146746073044,0.49577319963780564,0.48212768996182065,0.42400427144816877,0.45534538742793873,0.5785893918744345,0.6301431525845435,0.4455588719002486,0.40089797736938443,0.6163958425027709,0.4947593627895314,0.38979536117134317,0.5096097184314403,0.310416386169286,0.4501403162528488,0.5775546719771206,0.48406597811077023,0.5736286624134779,0.3825952849482153,0.5390746544413932,0.6711261298076818,0.7035041884815674,0.6645652878558274,0.5723705791652447,0.555031387499535,0.6037157800860288,0.66289947095329,0.6361778530538302,0.6189046971527685,0.5554534207533511,0.4995322691111942,0.5509186365552731,0.6002982237078224
MCSF ,0.6334232976272632,0.6429680181463424,0.6287151951389329,0.5575890155548705,0.3612789308122847,0.4332375319203291,0.36059119259670597,0.4900062572532317,0.5342065443591608,0.46192820358455267,0.4171471020937131,0.6151152876989325,0.5731843926857153,0.41485880990579155,0.45827303309793727,0.4836514974884073,0.6337922863852316,0.48196206154983484,0.43782110776859573,0.6131786013908627,0.48961431590367166,0.5984925798263584,0.3273428147441516,0.4029713662312645,0.6724911781927915,0.5327987803933933,0.35126700759486995,0.5633183977025025,0.5363002794048467,0.570815572963119,0.43730969661570285,0.5119671699595322,0.4619294192806487,0.3138995282997169,0.4590972469683125,0.4618119749534423,0.0,0.35957745091223486,0.5706753255471642,0.464536085659834,0.5772563010334062,0.6368996193505767,0.4950725081471098,0.5465391396694371,0.4268501855535119,0.5879651607011533,0.6195853581630086,0.6421250344432217,0.37891992917594075,0.5425403832619856,0.6468318085847551,0.39413762083146864,0.5051952064686729,0.5207048038069271,0.4830341240647597,0.6362772621232937,0.5980184381655919,0.47067149058673985,0.5161876993673903,0.5288505571593405,0.5039497802160916,0.5107291411392685,0.5246750628906692,0.5017456875637695,0.3784494244822317,0.45071307702790525,0.5284862293598258,0.48962715921001376,0.5133361105763823,0.5465594586242946
CXCL9orMIG,0.5160633264536979,0.603532693576088,0.6310874104048996,0.5943204211566631,0.42120556320781516,0.42359215405758627,0.3892820799429005,0.48768119616921823,0.4931716101676081,0.5610159134311614,0.4231965070410475,0.5216642232822729,0.5671069454315331,0.33760698408231965,0.5427366822885512,0.4933257101948211,0.6387953145534272,0.4328692539733971,0.21421201595971345,0.5520549495415553,0.3927028208905091,0.5148019466668585,0.3232403212048939,0.45853556152770303,0.6056876861724727,0.49788687458061265,0.5140504341213544,0.477363589788911,0.6965722154421489,0.600758824365676,0.3630283597519234,0.6751583824659175,0.4422517236810777,0.21799082793305524,0.35804128337772523,0.4942146746073044,0.35957745091223486,0.0,0.5285433720354898,0.44758703639423336,0.49402947305847383,0.5825770482855391,0.5378336527423067,0.45107593454591866,0.27814457988918484,0.49873163709667484,0.5544333384526365,0.5084692793150762,0.5502501951167753,0.3623084548743231,0.6765667470524488,0.3002946186974451,0.6445814152302274,0.48858755905624685,0.5586345715398331,0.6391144147271438,0.7067560662715762,0.6765133481196774,0.5099295861762303,0.6351009982680356,0.593619488571442,0.6270660023338853,0.6540291976612038,0.6196417005237822,0.5366368647879141,0.44861347295971327,0.5704312162703943,0.5828624980188054,0.5054495694248142,0.6278765061409408
CCL3orMIP1a ,0.4679410215738972,0.529563022638671,0.4571157457580396,0.4509079453258311,0.5291993386340793,0.5502929727305059,0.5481659088811853,0.3609302820643634,0.49722255731540144,0.5390187434423596,0.6039435771040248,0.3903152234181963,0.5307962259817701,0.4907002693253132,0.4552559641769165,0.39975110268615754,0.49547384337770445,0.4200556667362148,0.6119457043311433,0.48033872323843146,0.4054213013060834,0.4522913121707158,0.6178144939717046,0.43889588089985604,0.4216700311615942,0.5247223772880898,0.5273657334060855,0.3536271272144661,0.4681035027191461,0.610270020722928,0.41613745986317274,0.5365130596791593,0.5046374539424476,0.5965458817544439,0.5541414118753395,0.49577319963780564,0.5706753255471642,0.5285433720354898,0.0,0.46082875358399183,0.5386896073718207,0.5418780756942634,0.5363390671156367,0.5994262301948098,0.5408078452811813,0.5309033233726338,0.5092812225546582,0.4104586454164037,0.5754924303179115,0.5743156772103335,0.43774268207819894,0.5588880572210801,0.42948104502443074,0.47852162298531553,0.5116741156367575,0.5428512402331511,0.5273422051869006,0.6171964711770754,0.38837255634452694,0.5898861868168301,0.6572851998074682,0.48022607040795834,0.37195907441415194,0.5551496200265383,0.5500135281122631,0.4999122689280487,0.5174110345567712,0.4541664530937567,0.6444453608676421,0.4130116110069737
CCL4orMIP1b ,0.35498303625493544,0.37470317365747363,0.49529293331144314,0.649587690134788,0.5230863031076703,0.5647668940169115,0.5515676035760615,0.4300557280909716,0.41091270854912465,0.6503430588516536,0.5953131936326289,0.5073142070137551,0.5743330343016555,0.3793792302301523,0.6417613686161545,0.4858944482957996,0.6161686615451571,0.5153408508689861,0.3960883455057694,0.3755390478944889,0.29270649307025454,0.46861844107377276,0.5405401545449074,0.5822507038110807,0.5781052235334017,0.612927673579557,0.542060692523832,0.5972716088435717,0.5865102680958911,0.669139421000362,0.4970860754709543,0.5192612276406623,0.4107769996456344,0.5159528698027812,0.43572070401560664,0.48212768996182065,0.464536085659834,0.44758703639423336,0.46082875358399183,0.0,0.34975726949224795,0.36784117984814557,0.5762764299097412,0.46454929803095957,0.4403616102488015,0.5253158031917086,0.40393466043787946,0.44665118255515196,0.470447977823308,0.526904476949741,0.5525047740912596,0.5079730021120727,0.6054092517225009,0.3883871633573014,0.5727545460329249,0.5769918490520769,0.4044579898251218,0.6528564593689977,0.49422980180562187,0.619013556694473,0.6682888368380857,0.6056179983467949,0.5189014439056974,0.557693576288618,0.5355461098862272,0.5469461373179373,0.578893232367325,0.36470431611311904,0.5843329612839905,0.6410172467731357
PDGFAA ,0.19577216014639903,0.23950075103105578,0.3833292921558651,0.5669786942971707,0.5247803007140632,0.6488284842878906,0.6215640350433357,0.5035711539498705,0.3350855147066807,0.6133511418833043,0.454193017388552,0.5093772683246154,0.4413676671737299,0.5357285136773371,0.6447839909870923,0.5304683418149152,0.6782388793968086,0.5003990389824873,0.4274886919468607,0.3313206879814025,0.3124383961284818,0.5239885926846333,0.5537509438929493,0.6649040219033022,0.4811314573397237,0.49702840235310625,0.5927982937372732,0.5549660683408327,0.533202259668121,0.5863352684567364,0.5338372666118572,0.528357637070625,0.4987872732073643,0.4928234302401901,0.49574711700550056,0.42400427144816877,0.5772563010334062,0.49402947305847383,0.5386896073718207,0.34975726949224795,0.0,0.15677237644866504,0.616556544549417,0.3849834739944154,0.5964600896019053,0.36791020315553696,0.40845160910706396,0.44114528226390154,0.5752230819707311,0.47080246147164007,0.48340515636332754,0.5376157342321553,0.6984259199388412,0.4830169314614812,0.6400784134529931,0.4777334757735902,0.6443526730399252,0.6060797549468968,0.7314530809248834,0.5705179084344716,0.6259622123816615,0.637070661208522,0.6317098798833453,0.5760983504544143,0.5770540961543,0.5176935208751565,0.6108792325635082,0.40027926644920153,0.44155720711274904,0.7003849364393392
PDGFABAndPDGFBB ,0.14387040718782956,0.1744150856271245,0.3421450188463332,0.5491829959572658,0.5661655849273592,0.6931291634320483,0.6505409062941866,0.5012856350360548,0.3729172507751567,0.6310366746455442,0.5549205375126391,0.45548552261830516,0.42835364826139455,0.5523250296031185,0.6693351397296599,0.4773675854241899,0.5808541646174852,0.5468711434181378,0.5171737620591622,0.2955543859123989,0.3513433597237189,0.5015943078085054,0.6001141161210697,0.678267407605469,0.4665458153088448,0.5479668430992988,0.563066178267259,0.5248054416961058,0.4678998384930265,0.5604221450146252,0.559837575481846,0.5066876040167023,0.4748500807563553,0.5886482084641118,0.5491126985555062,0.45534538742793873,0.6368996193505767,0.5825770482855391,0.5418780756942634,0.36784117984814557,0.15677237644866504,0.0,0.6017603600432865,0.41395885217989115,0.6680909656177814,0.4436458177551401,0.40655534027397855,0.38802115921486335,0.6018055707542117,0.5593523844505133,0.41273621849531544,0.5933675207952979,0.5746763719875725,0.43046848997490256,0.5988671942888677,0.438869382692343,0.4928492924611058,0.6128236054843869,0.6863584968664399,0.5318829344484187,0.5904187496021043,0.5694643716442452,0.5646564852341631,0.5400530263299433,0.6502027094104108,0.5899613036212314,0.6142855060775894,0.437691097055296,0.466504256614814,0.5608221289571415
CCL5orRANTES ,0.6308293546606472,0.6122238354389284,0.5737531122650485,0.48596071221012416,0.5459155467515936,0.5167897504712495,0.37967224912637926,0.6243279408143848,0.5589258013617393,0.6477605214437984,0.5831406219455134,0.4668910149586517,0.536612989508763,0.49271076562544797,0.5293769530781127,0.6020136718987634,0.5590181042667695,0.4782507071153328,0.4900747906654447,0.5693586396467316,0.527765163964511,0.5640247164530307,0.3986694662227384,0.5414120973200516,0.6159896548109293,0.7604676370305846,0.4009502093014,0.5194900604453335,0.5392484859087047,0.38803179510883484,0.4578802184230225,0.48340085234544494,0.5629064424496307,0.5019890619944357,0.4204579773252524,0.5785893918744345,0.4950725081471098,0.5378336527423067,0.5363390671156367,0.5762764299097412,0.616556544549417,0.6017603600432865,0.0,0.44835227465279215,0.5703391366092563,0.6325075958953892,0.5704068833619853,0.5081198007421014,0.47904110372578346,0.4802573615141237,0.5174946717838388,0.47557518384217434,0.3781287460385214,0.5371301612006897,0.24994276580363156,0.5193289275917221,0.5356120102118916,0.26350563025397244,0.49457798672057446,0.3652522710072627,0.41065849810475363,0.34706331412329733,0.4835865554248002,0.4138302563876892,0.4558191695772456,0.48582314349285216,0.4824962182519921,0.6082663084839842,0.4964770855996343,0.3977309015549047
TGFa ,0.4241510022125145,0.3851089123035082,0.6285500099740804,0.5203710427766941,0.6375452744622158,0.5078684185404363,0.6086258800201607,0.6175567163221246,0.5027972733461258,0.6282271117069975,0.6336608581563323,0.4310898206239371,0.5196507559903609,0.4333742891969122,0.6552529708351597,0.5141995102921949,0.5281329142137406,0.6133536327505422,0.4292932511858931,0.44151030334125796,0.3789215994217082,0.4487629844630331,0.495851686148821,0.6523297937168947,0.5339435919590088,0.5606738807944351,0.4876845706688779,0.5637034658270668,0.5081283982893816,0.2839374997334539,0.49473645949496875,0.640410378582179,0.549218219141954,0.5392733363357946,0.5716105364847344,0.6301431525845435,0.5465391396694371,0.45107593454591866,0.5994262301948098,0.46454929803095957,0.3849834739944154,0.41395885217989115,0.44835227465279215,0.0,0.5910998952225469,0.5277385957565877,0.4764373847876852,0.4395721552279105,0.6616404784047545,0.47877443718138507,0.6981358506926819,0.6056482758174786,0.4431861654507587,0.4546551264571264,0.589274788093895,0.5755733655423038,0.6581288890043434,0.34337647114414593,0.47212561015120047,0.27663165902207465,0.4489259036304066,0.47585237281365217,0.4327535659080003,0.2969551140120038,0.6213896706397731,0.5553655929173551,0.5502297230020446,0.4744821654103983,0.41086215947648475,0.4921749544376638
TNFa ,0.5713885374597395,0.6361334858097255,0.5645672710410008,0.5761536622408198,0.42826351314778743,0.3586469868637644,0.39515745405632136,0.4622541123289287,0.46496608307810705,0.4951673504855401,0.41900005753731695,0.5095995934314421,0.5728460018717163,0.31513962146123065,0.44134787132372566,0.5876423827947579,0.34620464167887904,0.4423310030141042,0.35783150043456324,0.5614438784989907,0.42310699812188285,0.46423269634025766,0.3970226391730207,0.4805333712782158,0.5422017027875529,0.438663272613089,0.536838419805864,0.511539583721216,0.6198854003858761,0.6362699906066697,0.4496954254349521,0.512843131838129,0.43864356462184856,0.33297471456501254,0.3885975307807244,0.4455588719002486,0.4268501855535119,0.27814457988918484,0.5408078452811813,0.4403616102488015,0.5964600896019053,0.6680909656177814,0.5703391366092563,0.5910998952225469,0.0,0.4569021673632455,0.5675013961458937,0.5966859878927497,0.49394396839936366,0.46962437309067584,0.5877097859514158,0.33738527501828397,0.6372459708673978,0.44647698788641654,0.5387575695504689,0.6103446568017736,0.5238647719507037,0.6790501562003588,0.45711058403752797,0.6786965953058937,0.5790324755079015,0.6873390284170924,0.6591449330289336,0.6787755029686259,0.3823454413900452,0.3995933030653438,0.48066423324069224,0.4970408490853017,0.4911468710718241,0.6259828641933007
TNFb ,0.4133260005042547,0.42719938180651357,0.4951710448300502,0.457712184799579,0.5372303122432706,0.39441692644482174,0.5430185031192383,0.4088759050153365,0.49434393461305504,0.48600562478911125,0.21976510184922476,0.5701145235495577,0.42685874491675835,0.5704476593665109,0.40183520292716024,0.48447162733973687,0.3636233692867173,0.5429934196005582,0.44041674699122507,0.5164518043758374,0.49441617440957314,0.4911379574610167,0.5612260794431251,0.5574395601222418,0.35048095812903635,0.35881566995109154,0.5806907755243277,0.46147100278888187,0.5185486959422793,0.5218350281595642,0.5470275904618391,0.42775685194273994,0.5353481089702607,0.48268305556817187,0.4955007578730923,0.40089797736938443,0.5879651607011533,0.49873163709667484,0.5309033233726338,0.5253158031917086,0.36791020315553696,0.4436458177551401,0.6325075958953892,0.5277385957565877,0.4569021673632455,0.0,0.45769007776545634,0.5389059129305671,0.5195526223650786,0.5515540729067288,0.5253042202460404,0.5402396316701259,0.6065592108421319,0.5460826346110241,0.5941599404739203,0.47143972624513936,0.43237900113440986,0.6334394190949575,0.5961224952011694,0.610643617925809,0.5753734968385917,0.5808492689022263,0.5352272983544348,0.5836063478647631,0.516319813958606,0.6064263855695036,0.5765475833649312,0.42090142446128287,0.5277050085775902,0.5798503614244281
VEGFA ,0.36341933400758314,0.3808712733302144,0.46231907249609705,0.5370004194833152,0.5364880474101348,0.6352491102993547,0.536400061314076,0.5173163955382952,0.5025339890923943,0.5099092695870795,0.5698195755435447,0.452743283685264,0.5458574347123916,0.6486829083397894,0.6009220014464591,0.4993859332076037,0.4897732100128596,0.44314265397972963,0.5679701632111999,0.36395039310328137,0.44153690245211347,0.3918008171417785,0.6309750175848392,0.5872447426431627,0.4479805009517912,0.5261252956892125,0.5532379497930846,0.4991344299635167,0.4562115346714833,0.5768751848179294,0.5122514225740085,0.4708718048004544,0.4855911202474947,0.5672236133189922,0.5501301900716761,0.6163958425027709,0.6195853581630086,0.5544333384526365,0.5092812225546582,0.40393466043787946,0.40845160910706396,0.40655534027397855,0.5704068833619853,0.4764373847876852,0.5675013961458937,0.45769007776545634,0.0,0.37111270998525336,0.5220065856353978,0.6005699760185935,0.5115703036924208,0.5896050626350651,0.4653837023605744,0.4390051026038976,0.5611563691820045,0.5069389786452241,0.32962791832893057,0.5815053723350254,0.4985247157524255,0.5699879601417834,0.5893447824564269,0.5838157565865807,0.5075705978426964,0.5468773862644644,0.4716831153556403,0.5446277227294587,0.4932471347915151,0.4213027709602891,0.48166734145816037,0.4861679451914797
Eotaxin2 ,0.4143114916749482,0.4420781360362701,0.38177733218967247,0.4967387742777164,0.5416636836183978,0.592687281240369,0.5978611349017443,0.5142688640472174,0.4876141656682401,0.6314232574372105,0.6465431689786042,0.4392605010316749,0.5487166719136775,0.5157886537362337,0.6179605029439709,0.5003300589220536,0.4875850627493743,0.3410810059409306,0.596082886177328,0.4180177727255018,0.4485444759094938,0.5367100649880138,0.6395205631656169,0.582756952780546,0.42178489188750845,0.5180520173044308,0.6318222019880994,0.5242716939996427,0.5650627020569147,0.5851494057935366,0.4394667532269353,0.54992926077615,0.5423290299565602,0.603124700581993,0.622749836072642,0.4947593627895314,0.6421250344432217,0.5084692793150762,0.4104586454164037,0.44665118255515196,0.44114528226390154,0.38802115921486335,0.5081198007421014,0.4395721552279105,0.5966859878927497,0.5389059129305671,0.37111270998525336,0.0,0.49722060500494303,0.4968166900678829,0.3668818810102312,0.5345818454950995,0.49689174935544445,0.4414270917604757,0.5177914378774983,0.39920369986625515,0.44876383052026336,0.538058557865393,0.562808846776044,0.47672771311217643,0.5560545204797442,0.4903068846666461,0.5293488097406587,0.473489402693916,0.6323320770277119,0.5477258735778368,0.4890187526961503,0.5355823908987924,0.5283220351789939,0.4792452252731879
CCL8OrMCP2 ,0.5946661626595116,0.5610896872086868,0.5444522165688754,0.5922215927577559,0.47491213942390764,0.530450249847631,0.39125130144455067,0.4993921334942317,0.512419033767152,0.47312217161457903,0.39185636227775755,0.6756635968330078,0.5738771156027724,0.4543037736753674,0.40712422680895194,0.4842460572341751,0.5047747935641329,0.5508018880287366,0.5248972461723981,0.5842793575956364,0.6687325197636111,0.6324909160222585,0.3773601183866701,0.41834973098517625,0.5312501291271063,0.5076696398307505,0.4913889240263479,0.5802182366431736,0.5338197432834971,0.532028390063993,0.4641143108179054,0.4252807087159201,0.5082312623434673,0.4058684416329873,0.4800140016562992,0.38979536117134317,0.37891992917594075,0.5502501951167753,0.5754924303179115,0.470447977823308,0.5752230819707311,0.6018055707542117,0.47904110372578346,0.6616404784047545,0.49394396839936366,0.5195526223650786,0.5220065856353978,0.49722060500494303,0.0,0.478035035585646,0.41575784962217643,0.42668656244658276,0.5390698818934218,0.47502470600683133,0.42630169357080705,0.551083703198896,0.5094756817819708,0.45357524922573506,0.5692630204744097,0.5551917316773454,0.48979348831801284,0.45570577361348064,0.5312923877527455,0.5591436495625821,0.39999104596236956,0.5391796059619205,0.4117789154832919,0.4374740893872142,0.519155845066059,0.5564956859511088
CXCL13OrBCA1 ,0.552013327536716,0.5549950239933955,0.5752843684902952,0.5181108599783539,0.568986197236163,0.45218836476979724,0.5554892747719217,0.5407654495117757,0.5092608134278872,0.4693730745247921,0.509352077413003,0.5432937638522775,0.41032201764564313,0.48825949616934006,0.5627549224385474,0.5802543058922589,0.5696285774268619,0.5977505878430158,0.4197089207412745,0.5485866351072286,0.5529057215550011,0.5432047249291692,0.43399338616032695,0.4790028585008433,0.48270335973592643,0.48524778996406503,0.5051000242027113,0.4997678172190111,0.6212218933785701,0.4583030009860215,0.42295752598761,0.542766771630353,0.48587195965344027,0.383618262152143,0.5144170090960639,0.5096097184314403,0.5425403832619856,0.3623084548743231,0.5743156772103335,0.526904476949741,0.47080246147164007,0.5593523844505133,0.4802573615141237,0.47877443718138507,0.46962437309067584,0.5515540729067288,0.6005699760185935,0.4968166900678829,0.478035035585646,0.0,0.5436063770598617,0.42255161308948996,0.5770010396486842,0.5872693203425317,0.464562633676712,0.46068941821056053,0.6085555515406196,0.45501177905688334,0.5057180185038606,0.4489872061092501,0.41904673122235225,0.48030781488762964,0.56758276319988,0.446686716602978,0.585802476006085,0.4352782786265496,0.5324078171224859,0.6046838653471109,0.42095500465150826,0.5647794674853701
CCL13orMCP4 ,0.46892767514750744,0.4703077587872012,0.18612354526388114,0.49120021579602524,0.5356828330600147,0.5920675232784562,0.5524472334460495,0.4657892131336337,0.5281669941006709,0.5794690889840075,0.5672518863423177,0.48405053773641904,0.5170196653905106,0.5486214037744209,0.46058395537985064,0.476693292104129,0.4193468414672322,0.3630566446767577,0.6750138957553069,0.5425235348787812,0.5298350318086407,0.48541872732826263,0.6358811801429651,0.462701276350502,0.4214296627377777,0.4886096828689047,0.6325401855185329,0.594000943952697,0.42369459875930665,0.5782442191078393,0.5795185840097119,0.4350296066440721,0.542204490500303,0.6439550421763491,0.4948524742020965,0.310416386169286,0.6468318085847551,0.6765667470524488,0.43774268207819894,0.5525047740912596,0.48340515636332754,0.41273621849531544,0.5174946717838388,0.6981358506926819,0.5877097859514158,0.5253042202460404,0.5115703036924208,0.3668818810102312,0.41575784962217643,0.5436063770598617,0.0,0.5617016650988894,0.5014465003993761,0.4791786853705976,0.39978697464062773,0.2260419762607659,0.39062102081011535,0.5570670184535811,0.5662839904174052,0.5851251088880713,0.4375148190231874,0.44942249317677785,0.5350273193685905,0.6099657184850638,0.5724933917149094,0.49611685480137385,0.41801804633348927,0.628135892989212,0.5010522225875333,0.4413781009853536
CCL1orI309 ,0.6298171394961339,0.6077555859306077,0.5752689005348778,0.6263855181016366,0.2863291793270929,0.4671151398899841,0.3109669747664703,0.45918953653249794,0.42785823241845,0.4951295002646089,0.4171724871979505,0.6491266332728238,0.57805616957198,0.41834943450895384,0.4487976647066916,0.4507217768902579,0.5141112202320375,0.40343796295195017,0.27596996065788504,0.591047141422419,0.4633970981554307,0.5746964201555033,0.3299474787332527,0.39935299898040366,0.4736967663427156,0.5477239604929071,0.5292800865671291,0.5430265769122546,0.5924417156624693,0.6415014229840383,0.46066134832501415,0.5465010055517591,0.5363444980578495,0.2886342027956039,0.3063256725397586,0.4501403162528488,0.39413762083146864,0.3002946186974451,0.5588880572210801,0.5079730021120727,0.5376157342321553,0.5933675207952979,0.47557518384217434,0.6056482758174786,0.33738527501828397,0.5402396316701259,0.5896050626350651,0.5345818454950995,0.42668656244658276,0.42255161308948996,0.5617016650988894,0.0,0.6564987367639747,0.62852362472719,0.4779525133949871,0.6467247364154265,0.6052764095614884,0.6008193156743092,0.5433148712010927,0.6227093956662163,0.5502689392585749,0.6343267960471137,0.6665985014009106,0.636421509384938,0.44503485391811837,0.4518820595764345,0.4382705069494777,0.5243113268691726,0.42535929270014333,0.6709262465558825
IL16 ,0.609644780016735,0.5807934017342169,0.48643955271298955,0.41579868695985733,0.6187156856023113,0.5806106488865669,0.5796407999052857,0.5377406194034892,0.6022813064163083,0.4881407853088157,0.6387365631993636,0.42012291761470505,0.4727283842098632,0.600227358444426,0.4905055523209354,0.49960986012047415,0.4472817363490179,0.5339040702882929,0.6717669691960535,0.5924879360490816,0.5353155917129384,0.42294861477498724,0.5992036732731081,0.519105480369145,0.6335418085519013,0.5047295847508486,0.44609472881237167,0.4338950774352534,0.4186121589152985,0.3735848874975888,0.5148370335572269,0.4676203859147754,0.5011583129534612,0.6639984738954232,0.5646837925177531,0.5775546719771206,0.5051952064686729,0.6445814152302274,0.42948104502443074,0.6054092517225009,0.6984259199388412,0.5746763719875725,0.3781287460385214,0.4431861654507587,0.6372459708673978,0.6065592108421319,0.4653837023605744,0.49689174935544445,0.5390698818934218,0.5770010396486842,0.5014465003993761,0.6564987367639747,0.0,0.5296815763340118,0.4792900208540033,0.4301189108943483,0.3548534146605097,0.3326781957154361,0.3961434830544952,0.2960231957570327,0.40113867048134394,0.35256329180242996,0.24293789149377498,0.28933463139268567,0.5499990924010721,0.5829773976681398,0.5293604061873654,0.6063357322022586,0.5379130027192146,0.0801715608321521
CCL17orTARC ,0.33938090776790303,0.4570240228486101,0.4999709787946141,0.562494845366125,0.544208083261125,0.4773621918437095,0.560866039070193,0.49899169718392994,0.4809369656000019,0.5740445971948491,0.5901816641037607,0.46191494353800433,0.5587551919575585,0.48558526684184167,0.5367884521702795,0.4727537195063313,0.4340156815936271,0.4364493980400375,0.541925439758602,0.4279704889788182,0.41637146304824124,0.40031318689922946,0.5725492811814126,0.6114581611590222,0.5144601696305766,0.5054519541783211,0.5387615371094002,0.5906171730453728,0.49930922356520224,0.5613337397857239,0.5541049641521221,0.5348941325743549,0.47737202230819237,0.5483578298799164,0.5843531554208736,0.48406597811077023,0.5207048038069271,0.48858755905624685,0.47852162298531553,0.3883871633573014,0.4830169314614812,0.43046848997490256,0.5371301612006897,0.4546551264571264,0.44647698788641654,0.5460826346110241,0.4390051026038976,0.4414270917604757,0.47502470600683133,0.5872693203425317,0.4791786853705976,0.62852362472719,0.5296815763340118,0.0,0.5251339489563549,0.5587935232999393,0.4300764396082061,0.5885520848701409,0.488232712275775,0.5355867645119652,0.5663863457833446,0.5714004519884449,0.5338599515439285,0.5681353193122306,0.5468107994287665,0.5101571893617278,0.5845197344699714,0.3824943315042951,0.518058076202347,0.5159063990489642
CCL21Or6CKine,0.6628225585611107,0.617125464604827,0.5566164410303004,0.50715939121945,0.5566055298039978,0.48516040196065363,0.2869536798405133,0.5331379528985958,0.5538038032692756,0.5050694715905735,0.46138518980761706,0.5437832206424219,0.532884421123492,0.5369562094087879,0.4378914642366565,0.5709005462995194,0.49294846912487406,0.5894399552784968,0.5480150287613406,0.5790599345417549,0.6385748181710217,0.6029745922119919,0.354913601538536,0.45331187836975284,0.5702207889422974,0.6722214114115365,0.3689280072733842,0.45971298836605273,0.5624964572495094,0.45553332916571065,0.5826627949545113,0.5219741107189052,0.48998246094157366,0.5288956543197469,0.49844387882718433,0.5736286624134779,0.4830341240647597,0.5586345715398331,0.5116741156367575,0.5727545460329249,0.6400784134529931,0.5988671942888677,0.24994276580363156,0.589274788093895,0.5387575695504689,0.5941599404739203,0.5611563691820045,0.5177914378774983,0.42630169357080705,0.464562633676712,0.39978697464062773,0.4779525133949871,0.4792900208540033,0.5251339489563549,0.0,0.5472398358910633,0.44603913983986854,0.29288601348651466,0.4832855295049339,0.4922717857512828,0.3624447363884604,0.34226008402444486,0.5744553749172616,0.5246566197182159,0.40208940628775214,0.47330577776385313,0.4201784975440742,0.5490291092353996,0.4525817723802921,0.45140609607754484
Eotaxin3 ,0.5525067315348798,0.46035063458072634,0.13583977177978013,0.3775077599542952,0.558537356075461,0.5413154285823698,0.720041492942405,0.49163422679016944,0.5776906733127892,0.4574591493229415,0.5565348069468602,0.4941307091984408,0.4192394282613043,0.5825991168908661,0.49586842747088633,0.5733520416485254,0.35431461484696863,0.46868516237867414,0.6412494022478208,0.5527566788970867,0.5408936726313005,0.4870054864718181,0.6416336862241134,0.5105545359709983,0.472808976530681,0.46342525036502863,0.5779442402791366,0.5710086190293145,0.48085419087319903,0.48310435693533404,0.5579478140366958,0.40087676498655267,0.49396894274181896,0.6610656912824058,0.47369038405157693,0.3825952849482153,0.6362772621232937,0.6391144147271438,0.5428512402331511,0.5769918490520769,0.4777334757735902,0.438869382692343,0.5193289275917221,0.5755733655423038,0.6103446568017736,0.47143972624513936,0.5069389786452241,0.39920369986625515,0.551083703198896,0.46068941821056053,0.2260419762607659,0.6467247364154265,0.4301189108943483,0.5587935232999393,0.5472398358910633,0.0,0.4056509153075991,0.4617522920085432,0.5670353782897214,0.46106082578933044,0.3800298564660469,0.421967436888908,0.47276132582077773,0.4391131130657768,0.5836985350379806,0.5664178090083289,0.47858251406852587,0.6993714869836543,0.5574520499328997,0.37400651317092093
LIF ,0.5042372318438295,0.48638640104418585,0.42651376374477934,0.41083963225397857,0.6681014802429539,0.5162949610256601,0.632345958830395,0.5283757666734145,0.5757143671940226,0.3653188954898603,0.5330051268064556,0.3924163171556842,0.5511016183753921,0.5862629570879909,0.5299110785832196,0.502667866570465,0.266338240355033,0.5126980822817093,0.6872322999340641,0.4808233344621314,0.5868837069511669,0.3243277506312874,0.6651946402216196,0.533675713893181,0.5578953369595445,0.4561814899128398,0.515766566429766,0.4470761624973581,0.4381774224309663,0.5431352142276715,0.5878587537430336,0.3921915640335787,0.5163349146466164,0.7519039338291054,0.5771260627298397,0.5390746544413932,0.5980184381655919,0.7067560662715762,0.5273422051869006,0.4044579898251218,0.6443526730399252,0.4928492924611058,0.5356120102118916,0.6581288890043434,0.5238647719507037,0.43237900113440986,0.32962791832893057,0.44876383052026336,0.5094756817819708,0.6085555515406196,0.39062102081011535,0.6052764095614884,0.3548534146605097,0.4300764396082061,0.44603913983986854,0.4056509153075991,0.0,0.525088001614346,0.4143775237724544,0.49523225210189326,0.505488974903629,0.336615119181476,0.4249836417722781,0.5076233605632507,0.41609149967905096,0.6253054027728809,0.4611753325655337,0.4882141733782732,0.5329185500152461,0.3427653400123062
TPO ,0.6985141523204248,0.5698081655139369,0.6002016940117604,0.4509327650933978,0.5618095363430439,0.49136031430500976,0.45510184967276635,0.6753049297826234,0.5824748805334842,0.44974011181839774,0.5725248896935698,0.5451085514098888,0.5270173248136367,0.594353637156545,0.4628205368403038,0.5825122050589069,0.4935233560920008,0.6257142075164215,0.6192634764441749,0.5904581441743666,0.6661813131851804,0.5558634008929292,0.45768868244980504,0.5235192079902234,0.5866448411648725,0.5864380441311278,0.3759456163528663,0.5244852073964752,0.5098875331434093,0.20813163101579973,0.614456112476335,0.49017182599151055,0.6115343915883812,0.6139013746030488,0.5757039640557987,0.6711261298076818,0.47067149058673985,0.6765133481196774,0.6171964711770754,0.6528564593689977,0.6060797549468968,0.6128236054843869,0.26350563025397244,0.34337647114414593,0.6790501562003588,0.6334394190949575,0.5815053723350254,0.538058557865393,0.45357524922573506,0.45501177905688334,0.5570670184535811,0.6008193156743092,0.3326781957154361,0.5885520848701409,0.29288601348651466,0.4617522920085432,0.525088001614346,0.0,0.4897262380515465,0.14905535211630455,0.21504574040134,0.2950598030652726,0.37165685168407403,0.19038590449972215,0.37741916681609533,0.48564629088266764,0.44103177320869563,0.5314736727234439,0.43066111652792277,0.3494558019696078
SCF ,0.6238147737117311,0.5897305682837239,0.5871593560354763,0.47586649659817354,0.5304191709087935,0.3419365605559094,0.5058132672498139,0.4552142210587016,0.6546539715290092,0.426434405433303,0.5657764432667182,0.37395173229096007,0.5267372920138291,0.44494626205032756,0.4532534692826269,0.4711491202872484,0.4142739312618926,0.5555785688125705,0.5998659648166318,0.5556743354918852,0.5984350587656517,0.36618482594696045,0.5652555551330647,0.41397466064959126,0.5039486498207458,0.5796243286063949,0.3855790810769143,0.40875093970805,0.4724253944564768,0.47458518339962497,0.5039014541621091,0.5689504348483299,0.46192941962087614,0.6124283998628813,0.5886843813755068,0.7035041884815674,0.5161876993673903,0.5099295861762303,0.38837255634452694,0.49422980180562187,0.7314530809248834,0.6863584968664399,0.49457798672057446,0.47212561015120047,0.45711058403752797,0.5961224952011694,0.4985247157524255,0.562808846776044,0.5692630204744097,0.5057180185038606,0.5662839904174052,0.5433148712010927,0.3961434830544952,0.488232712275775,0.4832855295049339,0.5670353782897214,0.4143775237724544,0.4897262380515465,0.0,0.43278752571183976,0.5452602029627545,0.4465101239283582,0.30214594879136786,0.395944936250572,0.44367713749188536,0.4318132385974147,0.46031330822820704,0.5826075583230403,0.49054827651376337,0.38119717846276163
TSLP ,0.6020602844502387,0.5337997344214892,0.6055882298913573,0.43368562138704936,0.5781056649323675,0.47661309470687907,0.5835017589424895,0.6148598721582443,0.5805518231071876,0.5200562778548998,0.6206334815486111,0.4345301641209099,0.43974001113081085,0.6196890138746133,0.4425833317951144,0.5487968313321663,0.4543217807805346,0.5902694100759998,0.6034596990339108,0.5528574688557155,0.6612181830702453,0.4609847185348741,0.5695750102057865,0.5964204717831674,0.5417533804656047,0.5093387546889636,0.4802361503826989,0.48420394742560413,0.4530177226186662,0.16312935595695688,0.6536343847709126,0.541578822577528,0.5905165463129477,0.6383310643307772,0.6536568484271106,0.6645652878558274,0.5288505571593405,0.6351009982680356,0.5898861868168301,0.619013556694473,0.5705179084344716,0.5318829344484187,0.3652522710072627,0.27663165902207465,0.6786965953058937,0.610643617925809,0.5699879601417834,0.47672771311217643,0.5551917316773454,0.4489872061092501,0.5851251088880713,0.6227093956662163,0.2960231957570327,0.5355867645119652,0.4922717857512828,0.46106082578933044,0.49523225210189326,0.14905535211630455,0.43278752571183976,0.0,0.28555584280771806,0.3336303368608723,0.27001115033140877,0.06530067485547736,0.4797733814724393,0.5965283013215983,0.5307879368083261,0.5567069834692032,0.4865043173074856,0.29967842394277766
IL33 ,0.7070575066347091,0.6285761922021256,0.533425915223515,0.45146651304543983,0.4555626640250681,0.49661262270033457,0.49329696933517103,0.605300081601457,0.6220934735458513,0.4093172057416069,0.5303282420600015,0.5543517854171972,0.45064617715715427,0.5345643441100144,0.4490723889852015,0.5477041236255349,0.3665867225059597,0.5642404129589657,0.6039653003894956,0.6222187004849602,0.662125934450146,0.5826784196731429,0.48312612461611615,0.46978669810982054,0.4827088009358967,0.4753896961907382,0.455483618885527,0.528965336468633,0.49923713218024657,0.2877197996051454,0.6370524293393962,0.5051833754158487,0.6093577171125476,0.5422695123055327,0.5263185368494144,0.5723705791652447,0.5039497802160916,0.593619488571442,0.6572851998074682,0.6682888368380857,0.6259622123816615,0.5904187496021043,0.41065849810475363,0.4489259036304066,0.5790324755079015,0.5753734968385917,0.5893447824564269,0.5560545204797442,0.48979348831801284,0.41904673122235225,0.4375148190231874,0.5502689392585749,0.40113867048134394,0.5663863457833446,0.3624447363884604,0.3800298564660469,0.505488974903629,0.21504574040134,0.5452602029627545,0.28555584280771806,0.0,0.32206484010720915,0.5124814619863789,0.3515474409177608,0.4840109242321423,0.4974814186310554,0.41024015187084917,0.5849140579135181,0.4375129653656329,0.3543074041691072
IL20 ,0.6404721181693402,0.5439879147215693,0.528129172940204,0.3738734689118741,0.6026161505454493,0.5270925679958925,0.5027759934655631,0.6357810126413188,0.6484092051171386,0.44568981347499304,0.5602759758333291,0.48339233290378614,0.5185880995641038,0.475579933421727,0.47663181239053215,0.5393550474048125,0.5545555672436935,0.6130071344489688,0.5956606027360974,0.5746606747049641,0.6807621699252162,0.5669776744093069,0.47161657325178463,0.49511344878013636,0.5745189032897035,0.5916564346077039,0.38766095261394895,0.4143058935257805,0.4635744287972119,0.32869653388809406,0.45184343862362775,0.5489051345058332,0.5467575437067526,0.6367293388288671,0.575159228370938,0.555031387499535,0.5107291411392685,0.6270660023338853,0.48022607040795834,0.6056179983467949,0.637070661208522,0.5694643716442452,0.34706331412329733,0.47585237281365217,0.6873390284170924,0.5808492689022263,0.5838157565865807,0.4903068846666461,0.45570577361348064,0.48030781488762964,0.44942249317677785,0.6343267960471137,0.35256329180242996,0.5714004519884449,0.34226008402444486,0.421967436888908,0.336615119181476,0.2950598030652726,0.4465101239283582,0.3336303368608723,0.32206484010720915,0.0,0.38352381043950196,0.3702202890276761,0.5350354143901179,0.6340669425628489,0.40247966877602487,0.6251610203535959,0.48320925020956734,0.2831363420639907
IL21 ,0.5710538419694802,0.4912026526740017,0.5589161430101333,0.4580001978004554,0.5714909406571695,0.4949019330255121,0.5768340829209354,0.48004868413128615,0.6175307666550053,0.47039349983316636,0.5761822855386998,0.4002539144207894,0.4401387742461708,0.602927500790931,0.4958256044632967,0.40844140905338344,0.5180231756751128,0.5619216186681676,0.623990750244984,0.5475802261231464,0.5883844226328128,0.43530312655229997,0.64000142229768,0.5247830702305594,0.4803634287302916,0.47512552973395994,0.5398288670036888,0.4364018380008278,0.34343988999921393,0.3691019709225615,0.5491190447330521,0.47815406258375687,0.509340867947496,0.6686788816860492,0.6106525624751599,0.6037157800860288,0.5246750628906692,0.6540291976612038,0.37195907441415194,0.5189014439056974,0.6317098798833453,0.5646564852341631,0.4835865554248002,0.4327535659080003,0.6591449330289336,0.5352272983544348,0.5075705978426964,0.5293488097406587,0.5312923877527455,0.56758276319988,0.5350273193685905,0.6665985014009106,0.24293789149377498,0.5338599515439285,0.5744553749172616,0.47276132582077773,0.4249836417722781,0.37165685168407403,0.30214594879136786,0.27001115033140877,0.5124814619863789,0.38352381043950196,0.0,0.2041226910243052,0.5104317992432731,0.6364610340905125,0.5304952832361313,0.4933207426838726,0.6348738197510162,0.28955899452806555
IL23 ,0.602091295413941,0.516735889144539,0.6014717803459843,0.45366294846922117,0.5775791166175958,0.45867128555151687,0.6100245849947175,0.6021110043959672,0.6070339579819759,0.48152907710693854,0.6284514687554166,0.43311883203414314,0.44386309846614486,0.6339734524584479,0.4573901789540111,0.5334054620884346,0.5148467298638834,0.5920378616445158,0.5996832879355511,0.5139259686586956,0.6296795125335701,0.45441250692474494,0.6231283291426399,0.5670162680939137,0.5117919181688624,0.5006004675968582,0.50526520490393,0.4600014957478317,0.445932743871619,0.188483045320194,0.632953383989272,0.5176395957200121,0.5619160913670523,0.6443962791553437,0.6348595025304651,0.66289947095329,0.5017456875637695,0.6196417005237822,0.5551496200265383,0.557693576288618,0.5760983504544143,0.5400530263299433,0.4138302563876892,0.2969551140120038,0.6787755029686259,0.5836063478647631,0.5468773862644644,0.473489402693916,0.5591436495625821,0.446686716602978,0.6099657184850638,0.636421509384938,0.28933463139268567,0.5681353193122306,0.5246566197182159,0.4391131130657768,0.5076233605632507,0.19038590449972215,0.395944936250572,0.06530067485547736,0.3515474409177608,0.3702202890276761,0.2041226910243052,0.0,0.49952903380016017,0.6109362837406405,0.5432156187803564,0.5395985971541868,0.533192558636648,0.32324231346473553
TRAIL ,0.6467249222571749,0.5925003497236296,0.5487044263404545,0.6345284878974783,0.4457219927876522,0.40597476987933123,0.37221809086691815,0.46393225127635784,0.5072367955692363,0.36915507677431153,0.3594678079129585,0.5796305550566508,0.6031196807795138,0.4846276154747496,0.44921801232782704,0.5610795146918441,0.49212364476398934,0.5164123269253422,0.535567056119918,0.5948385895244205,0.6183712561303688,0.5217763608664402,0.43701576051317326,0.40319150777273494,0.5933886113350616,0.5732959532584558,0.3787106395606835,0.5576197969354085,0.5688796357785881,0.5084946402319749,0.5604550806951405,0.517032795439081,0.5403994731227317,0.4815137819429429,0.41455294175198487,0.6361778530538302,0.3784494244822317,0.5366368647879141,0.5500135281122631,0.5355461098862272,0.5770540961543,0.6502027094104108,0.4558191695772456,0.6213896706397731,0.3823454413900452,0.516319813958606,0.4716831153556403,0.6323320770277119,0.39999104596236956,0.585802476006085,0.5724933917149094,0.44503485391811837,0.5499990924010721,0.5468107994287665,0.40208940628775214,0.5836985350379806,0.41609149967905096,0.37741916681609533,0.44367713749188536,0.4797733814724393,0.4840109242321423,0.5350354143901179,0.5104317992432731,0.49952903380016017,0.0,0.3910607597490331,0.4041298837945766,0.42551354261233304,0.46590448956355085,0.5461355057689573
CCL27orCTACK ,0.5212915970550291,0.6059136986759132,0.48573674188615984,0.5546360182892063,0.39319287479495385,0.4375897177149011,0.4345803275051473,0.5525676781399497,0.4555140997531799,0.43980965728554455,0.5137785688961682,0.5774025424528351,0.5929734823719657,0.4541010763186438,0.5048514024319227,0.48073917826557205,0.5306582779514265,0.42101065365208434,0.5040941813696607,0.595664066258206,0.46826935377652573,0.4719805556589173,0.4704468481310052,0.431049830814244,0.6126790174771658,0.5927578536871819,0.32684408142949434,0.5814130471368113,0.6156800668606479,0.5407121040775048,0.4338593543062634,0.5976695191725424,0.41571545240102686,0.36260287654088874,0.4336999866398782,0.6189046971527685,0.45071307702790525,0.44861347295971327,0.4999122689280487,0.5469461373179373,0.5176935208751565,0.5899613036212314,0.48582314349285216,0.5553655929173551,0.3995933030653438,0.6064263855695036,0.5446277227294587,0.5477258735778368,0.5391796059619205,0.4352782786265496,0.49611685480137385,0.4518820595764345,0.5829773976681398,0.5101571893617278,0.47330577776385313,0.5664178090083289,0.6253054027728809,0.48564629088266764,0.4318132385974147,0.5965283013215983,0.4974814186310554,0.6340669425628489,0.6364610340905125,0.6109362837406405,0.3910607597490331,0.0,0.4356317214833532,0.5044046269280524,0.41381343822508265,0.6021097085938908
SDF1aAndSDF1B ,0.6368625466936931,0.6150981695027393,0.482401768415759,0.544526760703627,0.4973470181829348,0.541099792245836,0.3927048164453953,0.5033735849506958,0.5530308753428296,0.4535237846587919,0.5627546203293323,0.5788138339036666,0.5671463220515295,0.42722422639934926,0.46759976291810496,0.5979515645330359,0.5375402175485725,0.4537055221254971,0.5784229467991744,0.589084361304738,0.60075857897225,0.5348318919877875,0.4547728932966535,0.291984379293992,0.4331843885271192,0.5137023182035113,0.5046243728689966,0.5412371385085265,0.48300522130504936,0.4977063589584438,0.4654344042920216,0.5459555943189364,0.49041069387698627,0.5018948789179267,0.5588590285177779,0.5554534207533511,0.5284862293598258,0.5704312162703943,0.5174110345567712,0.578893232367325,0.6108792325635082,0.6142855060775894,0.4824962182519921,0.5502297230020446,0.48066423324069224,0.5765475833649312,0.4932471347915151,0.4890187526961503,0.4117789154832919,0.5324078171224859,0.41801804633348927,0.4382705069494777,0.5293604061873654,0.5845197344699714,0.4201784975440742,0.47858251406852587,0.4611753325655337,0.44103177320869563,0.46031330822820704,0.5307879368083261,0.41024015187084917,0.40247966877602487,0.5304952832361313,0.5432156187803564,0.4041298837945766,0.4356317214833532,0.0,0.5100767279043482,0.4444302696020559,0.5090242348059567
CXCL5orENA78 ,0.37690779535361674,0.3776156684906199,0.6336673536504768,0.5768747336561452,0.48805035633406213,0.48005576537357747,0.5447314551890595,0.45837457968161177,0.41464698017274154,0.5150945481650903,0.48286476359591907,0.585517455546509,0.5818899305873555,0.5058533953874998,0.45632591201585887,0.4930357885121674,0.5622017965203485,0.5591860066775517,0.48212742341827924,0.3592879595358542,0.39965095660276,0.5124540676499699,0.5791108294659097,0.5455946827599729,0.4342218520625942,0.46020571817117956,0.5421180104311392,0.5308131754072786,0.441809625706355,0.5398983449731998,0.5965496299602872,0.44330363788273475,0.5156842239972776,0.49871897633834644,0.508063678803832,0.4995322691111942,0.48962715921001376,0.5828624980188054,0.4541664530937567,0.36470431611311904,0.40027926644920153,0.437691097055296,0.6082663084839842,0.4744821654103983,0.4970408490853017,0.42090142446128287,0.4213027709602891,0.5355823908987924,0.4374740893872142,0.6046838653471109,0.628135892989212,0.5243113268691726,0.6063357322022586,0.3824943315042951,0.5490291092353996,0.6993714869836543,0.4882141733782732,0.5314736727234439,0.5826075583230403,0.5567069834692032,0.5849140579135181,0.6251610203535959,0.4933207426838726,0.5395985971541868,0.42551354261233304,0.5044046269280524,0.5100767279043482,0.0,0.504725772148524,0.6647931785472374
CCL15orMIP1d ,0.46231216771996997,0.49503423486143144,0.5441894528285103,0.5980453588283834,0.5686387030686832,0.4682853566854867,0.500374857120872,0.6439173022323289,0.5555270483895307,0.46749349960652803,0.5416855089466728,0.5538596667860931,0.5409340853176916,0.4550263061142821,0.5610155090314245,0.5299379467714664,0.5817479774817865,0.5747584759057127,0.44329224585119614,0.4622516091417022,0.533177253503629,0.444684060888347,0.46289165708717345,0.5510228885861814,0.479881785717191,0.4969503207347575,0.42649877570536376,0.5713419313479808,0.5629867941392998,0.4770244604670518,0.5158859829967293,0.5900336305336249,0.5376721774293743,0.47952417110311046,0.5173259836699479,0.5509186365552731,0.5133361105763823,0.5054495694248142,0.6444453608676421,0.5843329612839905,0.44155720711274904,0.466504256614814,0.4964770855996343,0.41086215947648475,0.4911468710718241,0.5277050085775902,0.48166734145816037,0.5283220351789939,0.519155845066059,0.42095500465150826,0.5010522225875333,0.42535929270014333,0.5379130027192146,0.518058076202347,0.4525817723802921,0.5574520499328997,0.5329185500152461,0.43066111652792277,0.49054827651376337,0.4865043173074856,0.4375129653656329,0.48320925020956734,0.6348738197510162,0.533192558636648,0.46590448956355085,0.41381343822508265,0.4444302696020559,0.504725772148524,0.0,0.5633067475415449
IFNL2orIL28A ,0.6174564142204896,0.575898971578966,0.47241292223117115,0.3769050369110615,0.6259070679124603,0.5836410682422003,0.5585453774548629,0.5298472460329816,0.6360236403238914,0.4890874842211033,0.6266148362128773,0.3975534026351755,0.4645951319502242,0.5994481626269926,0.4831510650168103,0.5288984727022669,0.3814554011489366,0.5249653280237292,0.6866754871056147,0.5857766668939272,0.5937148513529297,0.40953302683250176,0.5979866746644991,0.5245689509595377,0.6127715555800742,0.4721542414922666,0.44187323310373217,0.43159841913277763,0.42414768376640766,0.3716419905889151,0.5044235318625337,0.43857956046916313,0.5510946459350347,0.6866057164838397,0.6221144059220833,0.6002982237078224,0.5465594586242946,0.6278765061409408,0.4130116110069737,0.6410172467731357,0.7003849364393392,0.5608221289571415,0.3977309015549047,0.4921749544376638,0.6259828641933007,0.5798503614244281,0.4861679451914797,0.4792452252731879,0.5564956859511088,0.5647794674853701,0.4413781009853536,0.6709262465558825,0.0801715608321521,0.5159063990489642,0.45140609607754484,0.37400651317092093,0.3427653400123062,0.3494558019696078,0.38119717846276163,0.29967842394277766,0.3543074041691072,0.2831363420639907,0.28955899452806555,0.32324231346473553,0.5461355057689573,0.6021097085938908,0.5090242348059567,0.6647931785472374,0.5633067475415449,0.0
